sku,shopifyId,newBrand,newTitle
940-EPIGIG,8138650910899,Epiphone,Epiphone Premium Solid Body Electric Guitar Gig Bag
940-XEGIG,8138650976435,Epiphone,Epiphone Solid Body Electric Guitar Gig Bag
940-EHLCS,8138651795635,Epiphone,Epiphone Kat Series Hard Case
940-ENLPCS,8138651205811,Epiphone,Epiphone Les Paul Hard Case
940-EDREADHG,8167258128563,Epiphone,Epiphone Dreadnought/AJ Acoustic EpiLite Case
940-EGCS,8138652221619,Epiphone,"Epiphone SG, Wilshire, Coronet, Crestwood Hard Case"
940-EJUMBOHG,8138651697331,Epiphone,Epiphone Jumbo Acoustic EpiLite Case
940-EVCSHG,8167257866419,Epiphone,Epiphone Flying V EpiLite Case
940-EMBCS,8138651336883,Epiphone,Epiphone Embassy Bass Hard Case
940-EBICS,8138653106355,Epiphone,Epiphone Dobro Hard Case
940-MJCS,8138651435187,Epiphone,Epiphone EJ-200SCE Coupe Hard Case
940-EDOBL,8138652778675,Epiphone,Epiphone G-1275 Hard Case
940-EAKCS,8138649338035,Epiphone,Epiphone Allen Woody Bass Hard Case
940-XAGIG,8138651271347,Epiphone,Epiphone Acoustic AJ/Dreadnought Acoustic Guitar Gig Bag
940-XXGIG,8138650714291,Epiphone,Epiphone LP/SG Express Guitar Gig Bag
940-BASGIG,8138650026163,Epiphone,Epiphone Premium Solid Body Bass Guitar Gig Bag
PRPR-035,8138581278899,Gibson,Gibson Historic Pickup Rings (Crème)
ASPRCASE-KRS,8167215726771,Kramer,"Kramer Deluxe Protector Case, Kramer S-Style"
APRB12-74T,8167215694003,Gibson,"Gibson Standard Picks, 12 Pack"
APRB12-74M,8112787652787,Gibson,"Gibson Standard Picks, 12 Pack"
APRB12-74H,8112787685555,Gibson,"Gibson Standard Picks, 12 Pack"
APRB12-74XH,8167215825075,Gibson,"Gibson Standard Picks, 12 Pack"
EUCO23EBNH1,8138613686451,Epiphone,Epiphone Epiphone Coronet (USA Collection)
EUCO23VENH1,8138613358771,Epiphone,Epiphone Epiphone Coronet (USA Collection)
EUCO23TVNH3,8167207239859,Epiphone,Epiphone Epiphone Coronet (USA Collection)
FBNR12VOAQNH1,8138611196083,Gibson Custom,Gibson Custom 1965 Non-Reverse Firebird V 12-String Reissue
GA-CUSC,8138601857203,Gibson,Gibson Custom Shop Premium Trucker Snapback
GA-LED1,8138534715571,Gibson,Gibson Gibson Logo LED Sign
GA-LED1-INTL,8138534420659,Gibson,Gibson Gibson Logo LED Sign
GA-BKMC,8138607067315,Gibson,Gibson Black Trucker Snapback
GGL-MUG-LOGO-WHT,8138516824243,Gibson,Gibson Gibson Garage London Coffee Mug (10 oz.)
940-MDCS,8138651631795,Epiphone,Epiphone Moderne Hard Case
GA-HBARC-DVJKT-XS,8138513973427,H Bar C,H Bar C x Gibson Dove Unisex Tour Jacket
GA-HBARC-DVJKT-SM,8138513580211,H Bar C,H Bar C x Gibson Dove Unisex Tour Jacket
GA-HBARC-DVJKT-MD,8138513744051,H Bar C,H Bar C x Gibson Dove Unisex Tour Jacket
GA-HBARC-DVJKT-LG,8138513678515,H Bar C,H Bar C x Gibson Dove Unisex Tour Jacket
GA-HBARC-DVJKT-XL,8138513514675,H Bar C,H Bar C x Gibson Dove Unisex Tour Jacket
GA-HBARC-DVJKT-2X,8138513842355,H Bar C,H Bar C x Gibson Dove Unisex Tour Jacket
GA-HBARC-DVSHRT-XS,8167206977715,H Bar C,H Bar C x Gibson Dove Denim Shirt
GA-HBARC-DVSHRT-SM,8167206944947,H Bar C,H Bar C x Gibson Dove Denim Shirt
GA-HBARC-DVSHRT-MD,8167206912179,H Bar C,H Bar C x Gibson Dove Denim Shirt
GA-HBARC-DVSHRT-LG,8167206846643,H Bar C,H Bar C x Gibson Dove Denim Shirt
GA-HBARC-DVSHRT-XL,8167206813875,H Bar C,H Bar C x Gibson Dove Denim Shirt
GA-HBARC-DVSHRT-2X,8167206748339,H Bar C,H Bar C x Gibson Dove Denim Shirt
GA-HBARC-DVTEE-XS,8167206518963,H Bar C,H Bar C x Gibson Dove Tee
GA-HBARC-DVTEE-SM,8167206682803,H Bar C,H Bar C x Gibson Dove Tee
GA-HBARC-DVTEE-MD,8167206584499,H Bar C,H Bar C x Gibson Dove Tee
GA-HBARC-DVTEE-LG,8167206420659,H Bar C,H Bar C x Gibson Dove Tee
GA-HBARC-DVTEE-XL,8167206453427,H Bar C,H Bar C x Gibson Dove Tee
GA-HBARC-DVTEE-2X,8167206355123,H Bar C,H Bar C x Gibson Dove Tee
GA-IW-TRHT-HMGT,8167206256819,imogene + willie,"imogene + willie x Gibson Handmade Guitars"" Trucker Hat"""
GA-IW-TRHT-HANDMD,8167206191283,imogene + willie,"imogene + willie x Gibson Handmade in the USA"" Trucker Hat"""
GA-IW-TRHT-USA,8167206322355,imogene + willie,"imogene + willie x Gibson Gibson USA"" Trucker Hat"""
GA-GG-NWTSM,8138599039155,Gibson,Gibson Nashville Women's Tee
GA-GG-NWTMD,8138599170227,Gibson,Gibson Nashville Women's Tee
GA-GG-NWTLG,8138593861811,Gibson,Gibson Nashville Women's Tee
GA-GG-NWTXL,8138598940851,Gibson,Gibson Nashville Women's Tee
GA-GG-TFZXS,8138596647091,Gibson,Gibson Tristar Fullzip
GA-GG-TFZSM,8138596745395,Gibson,Gibson Tristar Fullzip
GA-GG-TFZMD,8138596876467,Gibson,Gibson Tristar Fullzip
GA-GG-TFZLG,8138596810931,Gibson,Gibson Tristar Fullzip
GA-GG-TFZXL,8138596548787,Gibson,Gibson Tristar Fullzip
GA-GG-TFZ2X,8138596909235,Gibson,Gibson Tristar Fullzip
APRGG-73T,8138653466803,Gibson,"Gibson Wedge Picks, 72 Pack"
APRGG-73M,8138653597875,Gibson,"Gibson Wedge Picks, 72 Pack"
APRGG-73H,8138653761715,Gibson,"Gibson Wedge Picks, 72 Pack"
APRGG-74T,8138653237427,Gibson,"Gibson Standard Picks, 72 Pack"
APRGG-74M,8112787587251,Gibson,"Gibson Standard Picks, 72 Pack"
APRGG-74H,8112787620019,Gibson,"Gibson Standard Picks, 72 Pack"
APRGG-74XH,8138653073587,Gibson,"Gibson Standard Picks, 72 Pack"
GA-IW-STORY-XS,8138543169715,imogene + willie,"imogene + willie x Gibson Gibson Story"" Tee"""
GA-IW-STORY-SM,8138543464627,imogene + willie,"imogene + willie x Gibson Gibson Story"" Tee"""
GA-IW-STORY-MD,8138543628467,imogene + willie,"imogene + willie x Gibson Gibson Story"" Tee"""
GA-IW-STORY-LG,8138543792307,imogene + willie,"imogene + willie x Gibson Gibson Story"" Tee"""
GA-IW-STORY-XL,8138543300787,imogene + willie,"imogene + willie x Gibson Gibson Story"" Tee"""
GA-IW-STORY-2X,8138544677043,imogene + willie,"imogene + willie x Gibson Gibson Story"" Tee"""
PU59S2ZBANC2-SET,8167205470387,Gibson,Gibson 1959 Humbucker Collector’s Edition Series 2
PU59DCNC2-SET,8167238893747,Gibson,Gibson 1959 Humbucker Collector’s Edition Series 1
GA-MARY-BNDA,8138539466931,Gibson,Gibson Mary Ford Bandana
GA-MARY-PENN,8138539204787,Gibson,Gibson Mary Ford Oxford Pennant
GA-IW-MCITY-JKT-XS,8138545397939,imogene + willie,"imogene + willie x Gibson Music City"" Jacket"""
GA-IW-MCITY-JKT-SM,8138545463475,imogene + willie,"imogene + willie x Gibson Music City"" Jacket"""
GA-IW-MCITY-JKT-MD,8138545660083,imogene + willie,"imogene + willie x Gibson Music City"" Jacket"""
GA-IW-MCITY-JKT-LG,8138545561779,imogene + willie,"imogene + willie x Gibson Music City"" Jacket"""
GA-IW-MCITY-JKT-XL,8138545529011,imogene + willie,"imogene + willie x Gibson Music City"" Jacket"""
GA-IW-MCITY-JKT-2X,8138545758387,imogene + willie,"imogene + willie x Gibson Music City"" Jacket"""
GG-MUG-BLK-GIB,8138519609523,Gibson,"Gibson Gibson Coffee Mug, Black on Black (16 oz.)"
GG-WOOD-CSRT-MAH,8167205568691,Gibson,Gibson Mahogany Coaster Set
GA-GG-USAVSR-NVY,8138595434675,Gibson,Gibson Gibson USA Rope Visor
GG-WOOD-KEY-GP,8167251869875,Gibson,Gibson Rosewood Fretboard Keychain
GG-WOOD-KEY-HS,8167252000947,Gibson,Gibson Rosewood Fretboard Keychain
GG-WOOD-KEY-GG,8167252099251,Gibson,Gibson Rosewood Fretboard Keychain
GG-CMSHOT10,8138514563251,Gibson,Gibson Gibson Garage Nashville Shot Glass (2 oz.)
GG-WOOD-MAG-SET,8167205601459,Gibson,Gibson Rosewood Fretboard Magnet Set
N/A,#VALUE!,Gibson,Gibson Logo Keychain
GG-WOOD-CUT-SM,8167205961907,Gibson,"Gibson Multi-Wood Les Paul Cutting Board, Face Grain"
GG-CMPINT10,8138521739443,Gibson,Gibson Gibson Garage Nashville Pint Glass (16 oz.)
GA-IW-SOCK-GIB,8138545070259,imogene + willie,"imogene + willie x Gibson Gibson"" Sock"""
GG-WOOD-KEY-GP,8167251869875,Gibson,Gibson Rosewood Fretboard Keychain Guitar Pick
GG-WOOD-CUT-XL,8167206027443,Gibson,"Gibson Maple Les Paul Cutting Board, End Grain"
GG-CMPILS10,8138521804979,Gibson,Gibson Gibson Garage Nashville Pilsner Glass (16.5 oz.)
GA-IW-FUNK-XS,8138600415411,imogene + willie,"imogene + willie x Gibson The Funk"" Tee"""
GA-IW-FUNK-SM,8138600644787,imogene + willie,"imogene + willie x Gibson The Funk"" Tee"""
GA-IW-FUNK-MD,8138600743091,imogene + willie,"imogene + willie x Gibson The Funk"" Tee"""
GA-IW-FUNK-LG,8138600841395,imogene + willie,"imogene + willie x Gibson The Funk"" Tee"""
GA-IW-FUNK-XL,8138600546483,imogene + willie,"imogene + willie x Gibson The Funk"" Tee"""
GA-IW-FUNK-2X,8138600906931,imogene + willie,"imogene + willie x Gibson The Funk"" Tee"""
GG-GLASS-WSKY,8138513776819,Gibson,Gibson Gibson Garage Nashville Whiskey Glass (11 oz.)
GG-WOOD-KEY-HS,8167252000947,Gibson,Gibson Rosewood Fretboard Keychain Headstock
GA-IW-SOCK-HBIRD,8138544808115,imogene + willie,"imogene + willie x Gibson Hummingbird"" Sock"""
GA-IW-HDSTK-TEE-XS,8138590552243,imogene + willie,"imogene + willie x Gibson Headstocks"" Tee"""
GA-IW-HDSTK-TEE-SM,8138590683315,imogene + willie,"imogene + willie x Gibson Headstocks"" Tee"""
GA-IW-HDSTK-TEE-MD,8138590814387,imogene + willie,"imogene + willie x Gibson Headstocks"" Tee"""
GA-IW-HDSTK-TEE-LG,8138590945459,imogene + willie,"imogene + willie x Gibson Headstocks"" Tee"""
GA-IW-HDSTK-TEE-XL,8138590421171,imogene + willie,"imogene + willie x Gibson Headstocks"" Tee"""
GA-IW-HDSTK-TEE-2X,8138591010995,imogene + willie,"imogene + willie x Gibson Headstocks"" Tee"""
GG-WOOD-KEY-GG,8167252099251,Gibson,Gibson Rosewood Fretboard Keychain Gibson Garage Nashville
GA-IW-GSKULL-XS,8138591535283,imogene + willie,"imogene + willie x Gibson Gibson Skull"" Tee"""
GA-IW-GSKULL-SM,8138591666355,imogene + willie,"imogene + willie x Gibson Gibson Skull"" Tee"""
GA-IW-GSKULL-MD,8138599465139,imogene + willie,"imogene + willie x Gibson Gibson Skull"" Tee"""
GA-IW-GSKULL-LG,8138599366835,imogene + willie,"imogene + willie x Gibson Gibson Skull"" Tee"""
GA-IW-GSKULL-XL,8138591600819,imogene + willie,"imogene + willie x Gibson Gibson Skull"" Tee"""
GA-IW-GSKULL-2X,8138599596211,imogene + willie,"imogene + willie x Gibson Gibson Skull"" Tee"""
GA-IW-MCITY-TEE-XS,8138544742579,imogene + willie,"imogene + willie x Gibson Music City"" Tee"""
GA-IW-MCITY-TEE-SM,8138544971955,imogene + willie,"imogene + willie x Gibson Music City"" Tee"""
GA-IW-MCITY-TEE-MD,8138545266867,imogene + willie,"imogene + willie x Gibson Music City"" Tee"""
GA-IW-MCITY-TEE-LG,8138545103027,imogene + willie,"imogene + willie x Gibson Music City"" Tee"""
GA-IW-MCITY-TEE-XL,8138544840883,imogene + willie,"imogene + willie x Gibson Music City"" Tee"""
GA-IW-MCITY-TEE-2X,8138545332403,imogene + willie,"imogene + willie x Gibson Music City"" Tee"""
GG-CMLIC10,8138522230963,Gibson,Gibson Gibson USA License Plate
GG-CMLIC11,8138522263731,Gibson,Gibson Gibson License Plate
GG-CMKCH11,8138522296499,Gibson,Gibson Gibson Garage Nashville Keychain
GG-CMSGN14,8138514464947,Gibson,Gibson Gibson Garage Nashville Tin Sign
GG-CMSGN13,8138514694323,Gibson,Gibson Gibson Logo Tin Sign
GG-WOOD-TRAY-GGN,8167205830835,Gibson,Gibson Mahogany Pick Tray Gibson Garage Nashville
GG-WOOD-TRAY-GIB,8167205896371,Gibson,Gibson Mahogany Pick Tray
GG-WOOD-TRAY-GGN,8167205830835,Gibson,Gibson Mahogany Pick Tray
GG-WOOD-CSTR-GG,8167251607731,Gibson,Gibson Sitka Spruce Soundhole Coaster Set Gibson Garage Nashville
GG-WOOD-CSTR-LOGO,8167251706035,Gibson,Gibson Sitka Spruce Soundhole Coaster Set
GG-WOOD-CSTR-GG,8167251607731,Gibson,Gibson Sitka Spruce Soundhole Coaster Set
GG-MUG-WHT-GGL,8138523082931,Gibson,"Gibson Gibson Garage Nashville Coffee Mug, White (16 oz.)"
GG-MUG-BLK-ORG,8138523115699,Gibson,"Gibson Gibson Garage Nashville Coffee Mug, Orange on Black (16 oz.)"
GA-GG-PTHTBLK,8138598154419,Gibson,Gibson Gibson Garage Patch Trucker Hat
GA-GG-MESHT-GRY,8138594844851,Gibson,Gibson Gibson Garage Mesh Back Hat
GA-CNVSTRHT,8138601726131,Gibson,Gibson Canvas Trucker
ASPIN-FVW,8138647830707,Gibson,Gibson Flying V Lapel Pin
PUDFSMODB4,8167205666995,Gibson,"Gibson Dirty Fingers SM Onyx (Double Black, 4-Conductor, Potted, Ceramic, 15k)"
PUDFODB4,8167216119987,Gibson,"Gibson Dirty Fingers Onyx (Double Black, 4-Conductor, Potted, Ceramic, 15k)"
ASJ200CASE-ORG,8138645307571,Gibson,Gibson SJ-200 Original Hardshell Case
EA-USNBK-LOGO-BLK,8138624794803,Gibson,Gibson Epiphone Logo Hat
GA-USNBK-WEST-TAN,8138523771059,Gibson,Gibson Country Western Unstructured Snapback
GA-USNBK-SCRP-TURQ,8138523967667,Gibson,Gibson Script Logo Corduroy Snapback
GA-ROPE-FLAG-TAN,8138533175475,Gibson,Gibson Gibson USA Flag Unstructured Rope Snapback
GA-SSNBK-SCRP-OLV,8138529931443,Gibson,Gibson Script Logo Structured Snapback
GA-SSNBK-SCRP-BEG,8138530062515,Gibson,Gibson Script Logo Structured Snapback
GA-SSNBK-SCRP-BLK,8138529964211,Gibson,Gibson Script Logo Structured Snapback
GA-ROPE-GIB-BRG,8138533044403,Gibson,Gibson Gibson Unstructured Rope Snapback
GA-ROPE-GIB-NVY,8138532978867,Gibson,Gibson Gibson Unstructured Rope Snapback
GA-ROPE-GIB-OLV,8138532618419,Gibson,Gibson Gibson Unstructured Rope Snapback
EA-ROPE-EXEL-NVY,8138627383475,Gibson,Gibson Epiphone Excellente Rope Snapback
GA-PTRK-SNDW-NVY,8138533372083,Gibson,Gibson Soundwave Performance Trucker
GA-TEE-1894-WHT-SM,8138527637683,Gibson,"Gibson Since 1894"" Ringer Tee (White/Red)"""
GA-TEE-1894-WHT-MD,8138527572147,Gibson,"Gibson Since 1894"" Ringer Tee (White/Red)"""
GA-TEE-1894-WHT-LG,8138527703219,Gibson,"Gibson Since 1894"" Ringer Tee (White/Red)"""
GA-TEE-1894-WHT-XL,8138528522419,Gibson,"Gibson Since 1894"" Ringer Tee (White/Red)"""
GA-TEE-1894-WHT-2X,8138527899827,Gibson,"Gibson Since 1894"" Ringer Tee (White/Red)"""
GA-TEE-1894-WHT-3X,8138527801523,Gibson,"Gibson Since 1894"" Ringer Tee (White/Red)"""
ASTD-DBL-MG2,8138643243187,Gibson,Gibson Handcrafted Doubleneck Wooden Guitar Stand
GA-TEE-SCRM-VBLK-SM,8138525900979,Gibson,Gibson Screaming Eagle Tee (Vintage Black)
GA-TEE-SCRM-VBLK-MD,8138525999283,Gibson,Gibson Screaming Eagle Tee (Vintage Black)
GA-TEE-SCRM-VBLK-LG,8138526097587,Gibson,Gibson Screaming Eagle Tee (Vintage Black)
GA-TEE-SCRM-VBLK-XL,8138525606067,Gibson,Gibson Screaming Eagle Tee (Vintage Black)
GA-TEE-SCRM-VBLK-2X,8138526294195,Gibson,Gibson Screaming Eagle Tee (Vintage Black)
GA-TEE-SCRM-VBLK-3X,8138526195891,Gibson,Gibson Screaming Eagle Tee (Vintage Black)
GA-TEE-SSND-VWHT-SM,8138526785715,Gibson,Gibson Superior Sound Tee (Vintage White)
GA-TEE-SSND-VWHT-MD,8138527146163,Gibson,Gibson Superior Sound Tee (Vintage White)
GA-TEE-SSND-VWHT-LG,8138527375539,Gibson,Gibson Superior Sound Tee (Vintage White)
GA-TEE-SSND-VWHT-XL,8138526589107,Gibson,Gibson Superior Sound Tee (Vintage White)
GA-TEE-SSND-VWHT-2X,8138527441075,Gibson,Gibson Superior Sound Tee (Vintage White)
GA-TEE-SSND-VWHT-3X,8138527310003,Gibson,Gibson Superior Sound Tee (Vintage White)
GA-TEE-CTLG-CHAR-SM,8138526621875,Gibson,Gibson Catalog Tee (Charcoal)
GA-TEE-CTLG-CHAR-MD,8138526851251,Gibson,Gibson Catalog Tee (Charcoal)
GA-TEE-CTLG-CHAR-LG,8138526687411,Gibson,Gibson Catalog Tee (Charcoal)
GA-TEE-CTLG-CHAR-XL,8138526490803,Gibson,Gibson Catalog Tee (Charcoal)
GA-TEE-CTLG-CHAR-2X,8138526982323,Gibson,Gibson Catalog Tee (Charcoal)
GA-TEE-CTLG-CHAR-3X,8138526916787,Gibson,Gibson Catalog Tee (Charcoal)
GA-JCKT-CAMO-SM,8138541367475,Gibson,Gibson Dark Camo Windbreaker (Dark Camo)
GA-JCKT-CAMO-MD,8138541433011,Gibson,Gibson Dark Camo Windbreaker (Dark Camo)
GA-JCKT-CAMO-LG,8138541596851,Gibson,Gibson Dark Camo Windbreaker (Dark Camo)
GA-JCKT-CAMO-XL,8138541301939,Gibson,Gibson Dark Camo Windbreaker (Dark Camo)
GA-JCKT-CAMO-2X,8138541695155,Gibson,Gibson Dark Camo Windbreaker (Dark Camo)
GA-JCKT-CAMO-3X,8138541531315,Gibson,Gibson Dark Camo Windbreaker (Dark Camo)
GA-HOOD-HAND-TAN-SM,8138591961267,Gibson,Gibson Handmade Guitars Hoodie (Tan)
GA-HOOD-HAND-TAN-MD,8138592157875,Gibson,Gibson Handmade Guitars Hoodie (Tan)
GA-HOOD-HAND-TAN-LG,8138592321715,Gibson,Gibson Handmade Guitars Hoodie (Tan)
GA-HOOD-HAND-TAN-XL,8138592092339,Gibson,Gibson Handmade Guitars Hoodie (Tan)
GA-HOOD-HAND-TAN-2X,8138592485555,Gibson,Gibson Handmade Guitars Hoodie (Tan)
GA-HOOD-HAND-TAN-3X,8138592354483,Gibson,Gibson Handmade Guitars Hoodie (Tan)
GA-HOOD-SCRM-BLK-SM,8138591731891,Gibson,Gibson Screaming Eagle Full-Zip Hoodie (Black)
GA-HOOD-SCRM-BLK-MD,8138591764659,Gibson,Gibson Screaming Eagle Full-Zip Hoodie (Black)
GA-HOOD-SCRM-BLK-LG,8138591830195,Gibson,Gibson Screaming Eagle Full-Zip Hoodie (Black)
GA-HOOD-SCRM-BLK-XL,8138595467443,Gibson,Gibson Screaming Eagle Full-Zip Hoodie (Black)
GA-HOOD-SCRM-BLK-2X,8138591895731,Gibson,Gibson Screaming Eagle Full-Zip Hoodie (Black)
GA-HOOD-SCRM-BLK-3X,8138591797427,Gibson,Gibson Screaming Eagle Full-Zip Hoodie (Black)
GA-TEE-USMD-DGRY-SM,8138524655795,Gibson,Gibson USA-Made Tee (Dark Gray)
GA-TEE-USMD-DGRY-MD,8138524917939,Gibson,Gibson USA-Made Tee (Dark Gray)
GA-TEE-USMD-DGRY-LG,8138525114547,Gibson,Gibson USA-Made Tee (Dark Gray)
GA-TEE-USMD-DGRY-XL,8138524786867,Gibson,Gibson USA-Made Tee (Dark Gray)
GA-TEE-USMD-DGRY-2X,8138524065971,Gibson,Gibson USA-Made Tee (Dark Gray)
GA-TEE-USMD-DGRY-3X,8138525278387,Gibson,Gibson USA-Made Tee (Dark Gray)
GA-TEE-EAG-GRY-SM,8138525966515,Gibson,Gibson Eagle Tee (Vintage Gray)
GA-TEE-EAG-GRY-MD,8138526064819,Gibson,Gibson Eagle Tee (Vintage Gray)
GA-TEE-EAG-GRY-LG,8138526261427,Gibson,Gibson Eagle Tee (Vintage Gray)
GA-TEE-EAG-GRY-XL,8138525835443,Gibson,Gibson Eagle Tee (Vintage Gray)
GA-TEE-EAG-GRY-2X,8138526392499,Gibson,Gibson Eagle Tee (Vintage Gray)
GA-TEE-EAG-GRY-3X,8138526163123,Gibson,Gibson Eagle Tee (Vintage Gray)
MA-TEE-TOWN-BLK-SM,8138589864115,Mesa/Boogie,Mesa/Boogie Welcome to Tube Town Tee (Black)
MA-TEE-TOWN-BLK-MD,8138589700275,Mesa/Boogie,Mesa/Boogie Welcome to Tube Town Tee (Black)
MA-TEE-TOWN-BLK-LG,8138590159027,Mesa/Boogie,Mesa/Boogie Welcome to Tube Town Tee (Black)
MA-TEE-TOWN-BLK-XL,8138589667507,Mesa/Boogie,Mesa/Boogie Welcome to Tube Town Tee (Black)
MA-TEE-TOWN-BLK-2X,8138590257331,Mesa/Boogie,Mesa/Boogie Welcome to Tube Town Tee (Black)
MA-TEE-TOWN-BLK-3X,8138590027955,Mesa/Boogie,Mesa/Boogie Welcome to Tube Town Tee (Black)
MA-TEE-BVAN-BLK-SM,8138594975923,Mesa/Boogie,Mesa/Boogie Boogie Van Tee (Black)
MA-TEE-BVAN-BLK-MD,8138594812083,Mesa/Boogie,Mesa/Boogie Boogie Van Tee (Black)
MA-TEE-BVAN-BLK-LG,8138595106995,Mesa/Boogie,Mesa/Boogie Boogie Van Tee (Black)
MA-TEE-BVAN-BLK-XL,8138594681011,Mesa/Boogie,Mesa/Boogie Boogie Van Tee (Black)
MA-TEE-BVAN-BLK-2X,8138595205299,Mesa/Boogie,Mesa/Boogie Boogie Van Tee (Black)
MA-TEE-BVAN-BLK-3X,8138595369139,Mesa/Boogie,Mesa/Boogie Boogie Van Tee (Black)
MA-TEE-BOOG-BLK-SM,8138571415731,Mesa/Boogie,Mesa/Boogie Boogie Tee
MA-TEE-BOOG-BLK-MD,8138571350195,Mesa/Boogie,Mesa/Boogie Boogie Tee
MA-TEE-BOOG-BLK-LG,8138571251891,Mesa/Boogie,Mesa/Boogie Boogie Tee
MA-TEE-BOOG-BLK-XL,8138571481267,Mesa/Boogie,Mesa/Boogie Boogie Tee
MA-TEE-BOOG-BLK-2X,8138571022515,Mesa/Boogie,Mesa/Boogie Boogie Tee
MA-TEE-BOOG-BLK-3X,8138571055283,Mesa/Boogie,Mesa/Boogie Boogie Tee
MA-TEE-BVAN-GRY-SM,8138572169395,Mesa/Boogie,Mesa/Boogie Boogie Van Tee (Gray)
MA-TEE-BVAN-GRY-MD,8138572038323,Mesa/Boogie,Mesa/Boogie Boogie Van Tee (Gray)
MA-TEE-BVAN-GRY-LG,8138571907251,Mesa/Boogie,Mesa/Boogie Boogie Van Tee (Gray)
MA-TEE-BVAN-GRY-XL,8138572398771,Mesa/Boogie,Mesa/Boogie Boogie Van Tee (Gray)
MA-TEE-BVAN-GRY-2X,8138571579571,Mesa/Boogie,Mesa/Boogie Boogie Van Tee (Gray)
MA-TEE-BVAN-GRY-3X,8138571776179,Mesa/Boogie,Mesa/Boogie Boogie Van Tee (Gray)
MA-TEE-LOGO-BLK-SM,8138590486707,Mesa/Boogie,Mesa/Boogie Mesa/Boogie Classic Logo Tee (Black)
MA-TEE-LOGO-BLK-MD,8138590748851,Mesa/Boogie,Mesa/Boogie Mesa/Boogie Classic Logo Tee (Black)
MA-TEE-LOGO-BLK-LG,8138590617779,Mesa/Boogie,Mesa/Boogie Mesa/Boogie Classic Logo Tee (Black)
MA-TEE-LOGO-BLK-XL,8138590388403,Mesa/Boogie,Mesa/Boogie Mesa/Boogie Classic Logo Tee (Black)
MA-TEE-LOGO-BLK-2X,8138594549939,Mesa/Boogie,Mesa/Boogie Mesa/Boogie Classic Logo Tee (Black)
MA-TEE-LOGO-BLK-3X,8138590879923,Mesa/Boogie,Mesa/Boogie Mesa/Boogie Classic Logo Tee (Black)
MA-TEE-ENGIN-BLK-SM,8138571284659,Mesa/Boogie,Mesa/Boogie MESA Engineering Tee
MA-TEE-ENGIN-BLK-MD,8138571219123,Mesa/Boogie,Mesa/Boogie MESA Engineering Tee
MA-TEE-ENGIN-BLK-LG,8138571153587,Mesa/Boogie,Mesa/Boogie MESA Engineering Tee
MA-TEE-ENGIN-BLK-XL,8138571382963,Mesa/Boogie,Mesa/Boogie MESA Engineering Tee
MA-TEE-ENGIN-BLK-2X,8138572497075,Mesa/Boogie,Mesa/Boogie MESA Engineering Tee
MA-TEE-ENGIN-BLK-3X,8138571120819,Mesa/Boogie,Mesa/Boogie MESA Engineering Tee
MA-TEE-TUBES-GRN-SM,8138572103859,Mesa/Boogie,Mesa/Boogie Marching Tubes Tee
MA-TEE-TUBES-GRN-MD,8138572005555,Mesa/Boogie,Mesa/Boogie Marching Tubes Tee
MA-TEE-TUBES-GRN-LG,8138571940019,Mesa/Boogie,Mesa/Boogie Marching Tubes Tee
MA-TEE-TUBES-GRN-XL,8138572202163,Mesa/Boogie,Mesa/Boogie Marching Tubes Tee
MA-TEE-TUBES-GRN-2X,8138571808947,Mesa/Boogie,Mesa/Boogie Marching Tubes Tee
MA-TEE-TUBES-GRN-3X,8138571874483,Mesa/Boogie,Mesa/Boogie Marching Tubes Tee
MA-TEE-TOWN-GRY-SM,8138571677875,Mesa/Boogie,Mesa/Boogie Welcome to Tube Town Tee (Gray)
MA-TEE-TOWN-GRY-MD,8138571645107,Mesa/Boogie,Mesa/Boogie Welcome to Tube Town Tee (Gray)
MA-TEE-TOWN-GRY-LG,8138571612339,Mesa/Boogie,Mesa/Boogie Welcome to Tube Town Tee (Gray)
MA-TEE-TOWN-GRY-XL,8138571743411,Mesa/Boogie,Mesa/Boogie Welcome to Tube Town Tee (Gray)
MA-TEE-TOWN-GRY-2X,8138571448499,Mesa/Boogie,Mesa/Boogie Welcome to Tube Town Tee (Gray)
MA-TEE-TOWN-GRY-3X,8138571514035,Mesa/Boogie,Mesa/Boogie Welcome to Tube Town Tee (Gray)
EIYBSGCWNH3,8138616733875,Epiphone,Epiphone YUNGBLUD SG Junior
RAM023839,8167226081459,Gibson Mod™ Collection,Gibson Mod™ Collection ES-335
GA-LC-USATXS,8138536222899,Gibson,Gibson USA Tee
GA-LC-USATSM,8138536517811,Gibson,Gibson USA Tee
GA-LC-USATMD,8138537107635,Gibson,Gibson USA Tee
GA-LC-USATLG,8138535927987,Gibson,Gibson USA Tee
GA-LC-USATXL,8138536386739,Gibson,Gibson USA Tee
GA-LC-USAT2X,8138536288435,Gibson,Gibson USA Tee
GA-LC-USAT3X,8138536026291,Gibson,Gibson USA Tee
GA-AJ-DOGFZ-SM,8138621583539,Gibson,"Gibson Adam Jones Dog Daze"" Fullzip Hoodie"""
GA-AJ-DOGFZ-MD,8138621485235,Gibson,"Gibson Adam Jones Dog Daze"" Fullzip Hoodie"""
GA-AJ-DOGFZ-LG,8138621681843,Gibson,"Gibson Adam Jones Dog Daze"" Fullzip Hoodie"""
GA-AJ-DOGFZ-XL,8138621386931,Gibson,"Gibson Adam Jones Dog Daze"" Fullzip Hoodie"""
GA-AJ-DOGFZ-2X,8138621747379,Gibson,"Gibson Adam Jones Dog Daze"" Fullzip Hoodie"""
GA-AJ-DOGFZ-3X,8138621845683,Gibson,"Gibson Adam Jones Dog Daze"" Fullzip Hoodie"""
GA-AJ-DOGTEE-SM,8138550444211,Gibson,"Gibson Adam Jones Dog Daze"" Tee"""
GA-AJ-DOGTEE-MD,8138552410291,Gibson,"Gibson Adam Jones Dog Daze"" Tee"""
GA-AJ-DOGTEE-LG,8138609623219,Gibson,"Gibson Adam Jones Dog Daze"" Tee"""
GA-AJ-DOGTEE-XL,8138550509747,Gibson,"Gibson Adam Jones Dog Daze"" Tee"""
GA-AJ-DOGTEE-2X,8138621092019,Gibson,"Gibson Adam Jones Dog Daze"" Tee"""
GA-AJ-DOGTEE-3X,8138621255859,Gibson,"Gibson Adam Jones Dog Daze"" Tee"""
GG-NASCARTEE-SM,8138522820787,Gibson,Gibson Les Paul #59 Driver Tee (Black)
GG-NASCARTEE-MD,8138522853555,Gibson,Gibson Les Paul #59 Driver Tee (Black)
GG-NASCARTEE-LG,8138522886323,Gibson,Gibson Les Paul #59 Driver Tee (Black)
GG-NASCARTEE-XL,8138522591411,Gibson,Gibson Les Paul #59 Driver Tee (Black)
GG-NASCARTEE-2X,8138522951859,Gibson,Gibson Les Paul #59 Driver Tee (Black)
GG-NASCARTEE-3X,8138522919091,Gibson,Gibson Les Paul #59 Driver Tee (Black)
MA-BBALL-BVAN-GRY-SM,8138595827891,Mesa/Boogie,Mesa/Boogie Boogie Van Baseball Tee
MA-BBALL-BVAN-GRY-MD,8138595696819,Mesa/Boogie,Mesa/Boogie Boogie Van Baseball Tee
MA-BBALL-BVAN-GRY-LG,8138595958963,Mesa/Boogie,Mesa/Boogie Boogie Van Baseball Tee
MA-BBALL-BVAN-GRY-XL,8138595565747,Mesa/Boogie,Mesa/Boogie Boogie Van Baseball Tee
MA-BBALL-BVAN-GRY-2X,8138596188339,Mesa/Boogie,Mesa/Boogie Boogie Van Baseball Tee
MA-BBALL-BVAN-GRY-3X,8138596024499,Mesa/Boogie,Mesa/Boogie Boogie Van Baseball Tee
GA-TEE-COLG-RED-SM,8138527047859,Gibson,"Gibson Collegiate Tee (Red), Exclusive"
GA-TEE-COLG-RED-MD,8138527113395,Gibson,"Gibson Collegiate Tee (Red), Exclusive"
GA-TEE-COLG-RED-LG,8138527211699,Gibson,"Gibson Collegiate Tee (Red), Exclusive"
GA-TEE-COLG-RED-XL,8138526884019,Gibson,"Gibson Collegiate Tee (Red), Exclusive"
GA-TEE-COLG-RED-2X,8138527342771,Gibson,"Gibson Collegiate Tee (Red), Exclusive"
GA-TEE-COLG-RED-3X,8138527244467,Gibson,"Gibson Collegiate Tee (Red), Exclusive"
GA-SRT-USTEE-SM,8138530652339,Gibson,Gibson Sister Rosetta Tharpe Unisex Tee
GA-SRT-USTEE-MD,8138530848947,Gibson,Gibson Sister Rosetta Tharpe Unisex Tee
GA-SRT-USTEE-LG,8138530947251,Gibson,Gibson Sister Rosetta Tharpe Unisex Tee
GA-SRT-USTEE-XL,8138530750643,Gibson,Gibson Sister Rosetta Tharpe Unisex Tee
GA-SRT-USTEE-2X,8138531111091,Gibson,Gibson Sister Rosetta Tharpe Unisex Tee
GA-SRT-USTEE-3X,8138531209395,Gibson,Gibson Sister Rosetta Tharpe Unisex Tee
GA-SRT-USTEE-4X,8138531012787,Gibson,Gibson Sister Rosetta Tharpe Unisex Tee
GA-SRT-WMTEE-XS,8138529996979,Gibson,Gibson Sister Rosetta Tharpe Women's Tee
GA-SRT-WMTEE-SM,8138530128051,Gibson,Gibson Sister Rosetta Tharpe Women's Tee
GA-SRT-WMTEE-MD,8138530291891,Gibson,Gibson Sister Rosetta Tharpe Women's Tee
GA-SRT-WMTEE-LG,8138530193587,Gibson,Gibson Sister Rosetta Tharpe Women's Tee
GA-SRT-WMTEE-XL,8167248167091,Gibson,Gibson Sister Rosetta Tharpe Women's Tee
GA-SRT-WMTEE-2X,8138530554035,Gibson,Gibson Sister Rosetta Tharpe Women's Tee
GA-SRT-WMTEE-3X,8167248298163,Gibson,Gibson Sister Rosetta Tharpe Women's Tee
GA-SRT-WMTEE-4X,8167248134323,Gibson,Gibson Sister Rosetta Tharpe Women's Tee
GG-SRT-AH,8100446011571,AXE HEAVEN,Sister Rosetta Tharpe AXE HEAVEN '61 Les Paul SG Miniature Guitar
GA-SRT-TOURJKT-XS,8167248363699,Gibson,Gibson Sister Rosetta Tharpe Tour Jacket
GA-SRT-TOURJKT-SM,8167248232627,Gibson,Gibson Sister Rosetta Tharpe Tour Jacket
GA-SRT-TOURJKT-MD,8138531373235,Gibson,Gibson Sister Rosetta Tharpe Tour Jacket
GA-SRT-TOURJKT-LG,8138531471539,Gibson,Gibson Sister Rosetta Tharpe Tour Jacket
GA-SRT-TOURJKT-XL,8138531274931,Gibson,Gibson Sister Rosetta Tharpe Tour Jacket
GA-SRT-TOURJKT-2X,8138530095283,Gibson,Gibson Sister Rosetta Tharpe Tour Jacket
GA-SRT-TOURJKT-3X,8138530029747,Gibson,Gibson Sister Rosetta Tharpe Tour Jacket
GA-SRT-TOURJKT-4X,8167248199859,Gibson,Gibson Sister Rosetta Tharpe Tour Jacket
GG-521,8138519216307,Gibson,Gibson Metal and Monsters Trucker Hat
GA-LC-CAHTSM,8138537795763,Gibson,Gibson Metal and Monsters Tee
GA-LC-CAHTMD,8138537959603,Gibson,Gibson Metal and Monsters Tee
GA-LC-CAHTLG,8138538156211,Gibson,Gibson Metal and Monsters Tee
GA-LC-CAHTXL,8138537664691,Gibson,Gibson Metal and Monsters Tee
GA-LC-CAHT2X,8138538090675,Gibson,Gibson Metal and Monsters Tee
GA-IW-WESTWHT-XS,8138541990067,imogene + willie,"Imogene + Willie x Gibson The Western"" Tee (Vintage White)"""
GA-IW-WESTWHT-SM,8138542153907,imogene + willie,"Imogene + Willie x Gibson The Western"" Tee (Vintage White)"""
GA-IW-WESTWHT-MD,8138542121139,imogene + willie,"Imogene + Willie x Gibson The Western"" Tee (Vintage White)"""
GA-IW-WESTWHT-LG,8138542252211,imogene + willie,"Imogene + Willie x Gibson The Western"" Tee (Vintage White)"""
GA-IW-WESTWHT-XL,8138541891763,imogene + willie,"Imogene + Willie x Gibson The Western"" Tee (Vintage White)"""
GA-IW-WESTWHT-XXL,8138541793459,imogene + willie,"Imogene + Willie x Gibson The Western"" Tee (Vintage White)"""
GA-IW-TRHT-WESTBRN,8138543399091,imogene + willie,"Imogene + Willie x Gibson The Western"" Trucker Hat (Golden Brown)"""
GA-IW-TRHT-REAPBLK,8138543726771,imogene + willie,"Imogene + Willie x Gibson The Reaper"" Trucker Hat (Black)"""
GA-IW-TRHT-HDSTKBLK,8138544283827,imogene + willie,"Imogene + Willie x Gibson Headstock"" Trucker Hat (Black)"""
GA-IW-TRHT-HDSTKSND,8138544152755,imogene + willie,"Imogene + Willie x Gibson Headstock"" Trucker Hat (Sand)"""
GA-IW-SNKBLK-XS,8138544939187,imogene + willie,"Imogene + Willie x Gibson Snake on Guitar"" Tee (Vintage Black)"""
GA-IW-SNKBLK-SM,8138545627315,imogene + willie,"Imogene + Willie x Gibson Snake on Guitar"" Tee (Vintage Black)"""
GA-IW-SNKBLK-MD,8138545791155,imogene + willie,"Imogene + Willie x Gibson Snake on Guitar"" Tee (Vintage Black)"""
GA-IW-SNKBLK-LG,8138545692851,imogene + willie,"Imogene + Willie x Gibson Snake on Guitar"" Tee (Vintage Black)"""
GA-IW-SNKBLK-XL,8138545201331,imogene + willie,"Imogene + Willie x Gibson Snake on Guitar"" Tee (Vintage Black)"""
GA-IW-SNKBLK-2X,8138545889459,imogene + willie,"Imogene + Willie x Gibson Snake on Guitar"" Tee (Vintage Black)"""
GA-IW-SLASH-SM,8138546806963,imogene + willie,"Imogene + Willie x Gibson Slash"" Tee (Vintage White)"""
GA-IW-SLASH-MD,8138546675891,imogene + willie,"Imogene + Willie x Gibson Slash"" Tee (Vintage White)"""
GA-IW-SLASH-LG,8138546905267,imogene + willie,"Imogene + Willie x Gibson Slash"" Tee (Vintage White)"""
GA-IW-SLASH-XL,8138546184371,imogene + willie,"Imogene + Willie x Gibson Slash"" Tee (Vintage White)"""
GA-IW-SLASH-XXL,8138546086067,imogene + willie,"Imogene + Willie x Gibson Slash"" Tee (Vintage White)"""
GA-PATCH-SNDWV,8138534518963,Gibson,"Gibson Gibson Soundwave Logo Iron-On Patch (4)"""
GA-PATCH-OAGIGE,8138534650035,Gibson,"Gibson Only A Gibson Is Good Enough Iron-On Patch (4)"""
GA-PATCH-NASH,8138534748339,Gibson,"Gibson Gibson Nashville TN Iron-On Patch (4)"""
GA-PATCH-HUM,8138534912179,Gibson,"Gibson Gibson Hummingbird Iron-On Patch (3)"""
GA-PATCH-GIBSON,8138534846643,Gibson,"Gibson The Gibson Iron-On Patch (3.5)"""
GA-PATCH-GARAGE,8138535076019,Gibson,"Gibson Gibson Garage Iron-On Patch (5)"""
GA-PATCH-FLOR,8138533404851,Gibson,"Gibson Gibson 70s Floral Logo Iron-On Patch (3.5)"""
GG-856AH,8138518167731,AXE HEAVEN,AXE HEAVEN® 6” Flying V Mini Guitar Ornament
GG-854AH,8138518495411,AXE HEAVEN,"AXE HEAVEN® 6 Les Paul Standard Slash Anaconda Burst Mini Guitar Ornament"""
GG-855AH,8138518397107,AXE HEAVEN,"AXE HEAVEN® 6 Les Paul Standard Slash Vermillion Burst Mini Guitar Ornament"""
GA-IW-SALESORG-XS,8138545725619,imogene + willie,"Imogene + Willie x Gibson GG Sales"" Tee (Orange)"""
GA-IW-SALESORG-SM,8138546020531,imogene + willie,"Imogene + Willie x Gibson GG Sales"" Tee (Orange)"""
GA-IW-SALESORG-MD,8138545922227,imogene + willie,"Imogene + Willie x Gibson GG Sales"" Tee (Orange)"""
GA-IW-SALESORG-LG,8138546118835,imogene + willie,"Imogene + Willie x Gibson GG Sales"" Tee (Orange)"""
GA-IW-SALESORG-XL,8138545823923,imogene + willie,"Imogene + Willie x Gibson GG Sales"" Tee (Orange)"""
GA-IW-SALESORG-2X,8138546217139,imogene + willie,"Imogene + Willie x Gibson GG Sales"" Tee (Orange)"""
GA-IW-REAPBLK-XS,8138546872499,imogene + willie,"Imogene + Willie x Gibson The Reaper"" Tee (Black)"""
GA-IW-REAPBLK-SM,8138547003571,imogene + willie,"Imogene + Willie x Gibson The Reaper"" Tee (Black)"""
GA-IW-REAPBLK-MD,8138547101875,imogene + willie,"Imogene + Willie x Gibson The Reaper"" Tee (Black)"""
GA-IW-REAPBLK-LG,8138547265715,imogene + willie,"Imogene + Willie x Gibson The Reaper"" Tee (Black)"""
GA-IW-REAPBLK-XL,8138546938035,imogene + willie,"Imogene + Willie x Gibson The Reaper"" Tee (Black)"""
GA-IW-REAPBLK-XXL,8138546774195,imogene + willie,"Imogene + Willie x Gibson The Reaper"" Tee (Black)"""
GA-IW-REAPWHT-XS,8138546282675,imogene + willie,"Imogene + Willie x Gibson The Reaper"" Tee (Vintage White)"""
GA-IW-REAPWHT-SM,8138546577587,imogene + willie,"Imogene + Willie x Gibson The Reaper"" Tee (Vintage White)"""
GA-IW-REAPWHT-MD,8138546708659,imogene + willie,"Imogene + Willie x Gibson The Reaper"" Tee (Vintage White)"""
GA-IW-REAPWHT-LG,8138546610355,imogene + willie,"Imogene + Willie x Gibson The Reaper"" Tee (Vintage White)"""
GA-IW-REAPWHT-XL,8138546479283,imogene + willie,"Imogene + Willie x Gibson The Reaper"" Tee (Vintage White)"""
GA-IW-REAPWHT-XXL,8138546380979,imogene + willie,"Imogene + Willie x Gibson The Reaper"" Tee (Vintage White)"""
GA-IW-PURPSKL-XS,8138547331251,imogene + willie,"Imogene + Willie x Gibson Purple Skull"" Tee (Vintage White)"""
GA-IW-PURPSKL-SM,8138542710963,imogene + willie,"Imogene + Willie x Gibson Purple Skull"" Tee (Vintage White)"""
GA-IW-PURPSKL-MD,8138542874803,imogene + willie,"Imogene + Willie x Gibson Purple Skull"" Tee (Vintage White)"""
GA-IW-PURPSKL-LG,8138543071411,imogene + willie,"Imogene + Willie x Gibson Purple Skull"" Tee (Vintage White)"""
GA-IW-PURPSKL-XL,8138542809267,imogene + willie,"Imogene + Willie x Gibson Purple Skull"" Tee (Vintage White)"""
GA-IW-PURPSKL-XXL,8138547167411,imogene + willie,"Imogene + Willie x Gibson Purple Skull"" Tee (Vintage White)"""
GA-IW-LSTEEBRN-XS,8138546348211,imogene + willie,Imogene + Willie x Gibson Longsleeve Tee (Dark Brown)
GA-IW-LSTEEBRN-SM,8138546413747,imogene + willie,Imogene + Willie x Gibson Longsleeve Tee (Dark Brown)
GA-IW-LSTEEBRN-MD,8138546544819,imogene + willie,Imogene + Willie x Gibson Longsleeve Tee (Dark Brown)
GA-IW-LSTEEBRN-LG,8138546643123,imogene + willie,Imogene + Willie x Gibson Longsleeve Tee (Dark Brown)
GA-IW-LSTEEBRN-XL,8138546512051,imogene + willie,Imogene + Willie x Gibson Longsleeve Tee (Dark Brown)
GA-IW-LSTEEBRN-2X,8138543431859,imogene + willie,Imogene + Willie x Gibson Longsleeve Tee (Dark Brown)
GA-IW-LIVEOLV-XS,8138596417715,imogene + willie,"Imogene + Willie x Gibson Support Live Music"" Tee (Olive)"""
GA-IW-LIVEOLV-SM,8138596614323,imogene + willie,"Imogene + Willie x Gibson Support Live Music"" Tee (Olive)"""
GA-IW-LIVEOLV-MD,8138596712627,imogene + willie,"Imogene + Willie x Gibson Support Live Music"" Tee (Olive)"""
GA-IW-LIVEOLV-LG,8138596843699,imogene + willie,"Imogene + Willie x Gibson Support Live Music"" Tee (Olive)"""
GA-IW-LIVEOLV-XL,8138596516019,imogene + willie,"Imogene + Willie x Gibson Support Live Music"" Tee (Olive)"""
GA-IW-LIVEOLV-XXL,8138596319411,imogene + willie,"Imogene + Willie x Gibson Support Live Music"" Tee (Olive)"""
GA-IW-HDSTKBLK-XS,8138591109299,imogene + willie,"Imogene + Willie x Gibson Headstock"" Tee (Black)"""
GA-IW-HDSTKBLK-SM,8138591404211,imogene + willie,"Imogene + Willie x Gibson Headstock"" Tee (Black)"""
GA-IW-HDSTKBLK-MD,8138591305907,imogene + willie,"Imogene + Willie x Gibson Headstock"" Tee (Black)"""
GA-IW-HDSTKBLK-LG,8138591469747,imogene + willie,"Imogene + Willie x Gibson Headstock"" Tee (Black)"""
GA-IW-HDSTKBLK-XL,8138591240371,imogene + willie,"Imogene + Willie x Gibson Headstock"" Tee (Black)"""
GA-IW-HDSTKBLK-XXL,8138591207603,imogene + willie,"Imogene + Willie x Gibson Headstock"" Tee (Black)"""
GA-IW-CRWNBLK-XS,8138601005235,imogene + willie,"Imogene + Willie x Gibson The Crown"" Tee (Vintage Black)"""
GA-IW-CRWNBLK-SM,8138601496755,imogene + willie,"Imogene + Willie x Gibson The Crown"" Tee (Vintage Black)"""
GA-IW-CRWNBLK-MD,8138592878771,imogene + willie,"Imogene + Willie x Gibson The Crown"" Tee (Vintage Black)"""
GA-IW-CRWNBLK-LG,8138601595059,imogene + willie,"Imogene + Willie x Gibson The Crown"" Tee (Vintage Black)"""
GA-IW-CRWNBLK-XL,8138601332915,imogene + willie,"Imogene + Willie x Gibson The Crown"" Tee (Vintage Black)"""
GA-IW-CRWNBLK-XXL,8138601169075,imogene + willie,"Imogene + Willie x Gibson The Crown"" Tee (Vintage Black)"""
GA-IW-CREWBLK-XS,8138593042611,imogene + willie,Imogene + Willie x Gibson Crewneck Sweatshirt (Faded Black)
GA-IW-CREWBLK-SM,8138593370291,imogene + willie,Imogene + Willie x Gibson Crewneck Sweatshirt (Faded Black)
GA-IW-CREWBLK-MD,8138593468595,imogene + willie,Imogene + Willie x Gibson Crewneck Sweatshirt (Faded Black)
GA-IW-CREWBLK-LG,8138593632435,imogene + willie,Imogene + Willie x Gibson Crewneck Sweatshirt (Faded Black)
GA-IW-CREWBLK-XL,8138593239219,imogene + willie,Imogene + Willie x Gibson Crewneck Sweatshirt (Faded Black)
GA-IW-CREWBLK-2X,8138593730739,imogene + willie,Imogene + Willie x Gibson Crewneck Sweatshirt (Faded Black)
GA-HBARC-SHRT-XS,8138593763507,H Bar C,"H Bar C x Gibson J-200 Tencel"" Men's Shirt"""
GA-HBARC-SHRT-SM,8138594091187,H Bar C,"H Bar C x Gibson J-200 Tencel"" Men's Shirt"""
GA-HBARC-SHRT-MD,8138592026803,H Bar C,"H Bar C x Gibson J-200 Tencel"" Men's Shirt"""
GA-HBARC-SHRT-LG,8138594255027,H Bar C,"H Bar C x Gibson J-200 Tencel"" Men's Shirt"""
GA-HBARC-SHRT-XL,8138593894579,H Bar C,"H Bar C x Gibson J-200 Tencel"" Men's Shirt"""
GA-HBARC-SHRT-XXL,8138593599667,H Bar C,"H Bar C x Gibson J-200 Tencel"" Men's Shirt"""
GA-HBARC-WMSHRT-XS,8138592846003,H Bar C,"H Bar C x Gibson J-200 Tencel"" Women's Shirt"""
GA-HBARC-WMSHRT-SM,8138593337523,H Bar C,"H Bar C x Gibson J-200 Tencel"" Women's Shirt"""
GA-HBARC-WMSHRT-MD,8138593173683,H Bar C,"H Bar C x Gibson J-200 Tencel"" Women's Shirt"""
GA-HBARC-WMSHRT-LG,8138593501363,H Bar C,"H Bar C x Gibson J-200 Tencel"" Women's Shirt"""
GA-HBARC-WMSHRT-XL,8138593009843,H Bar C,"H Bar C x Gibson J-200 Tencel"" Women's Shirt"""
GA-HBARC-WMSHRT-XXL,8138592714931,H Bar C,"H Bar C x Gibson J-200 Tencel"" Women's Shirt"""
GA-HBARC-JKT-XS,8138592911539,H Bar C,"H Bar C x Gibson J-200 Odessa"" Unisex Jacket"""
GA-HBARC-JKT-SM,8138593075379,H Bar C,"H Bar C x Gibson J-200 Odessa"" Unisex Jacket"""
GA-HBARC-JKT-MD,8138593206451,H Bar C,"H Bar C x Gibson J-200 Odessa"" Unisex Jacket"""
GA-HBARC-JKT-LG,8138594025651,H Bar C,"H Bar C x Gibson J-200 Odessa"" Unisex Jacket"""
GA-HBARC-JKT-XL,8138592747699,H Bar C,"H Bar C x Gibson J-200 Odessa"" Unisex Jacket"""
GA-HBARC-JKT-XXL,8138592616627,H Bar C,"H Bar C x Gibson J-200 Odessa"" Unisex Jacket"""
GA-EBBETS-BLK,8138601660595,Gibson,Gibson Ebbets Field Vintage Ballcap (Black)
GA-EBBETS-NVY,8138601431219,Gibson,Gibson Ebbets Field Vintage Ballcap (Navy)
GABR-STRAP,8138602676403,Billy Reid,Billy Reid x Gibson Guitar Strap
GABR-506-334,8138602774707,Billy Reid,Billy Reid x Gibson Rocker Scarf
GABR-506-333,8138602905779,Billy Reid,Billy Reid x Gibson Hummingbird Blanket
GABR-506-332,8138602840243,Billy Reid,Billy Reid x Gibson Hummingbird Bandana
GABR-505-074,8138603004083,Billy Reid,Billy Reid x Gibson Hummingbird Beanie
GABR-204-083-XS,8138603167923,Billy Reid,Billy Reid x Gibson Biker Jacket
GABR-204-083-SM,8138604282035,Billy Reid,Billy Reid x Gibson Biker Jacket
GABR-204-083-MD,8138604183731,Billy Reid,Billy Reid x Gibson Biker Jacket
GABR-204-083-LG,8138604413107,Billy Reid,Billy Reid x Gibson Biker Jacket
GABR-204-083-XL,8138604052659,Billy Reid,Billy Reid x Gibson Biker Jacket
GABR-204-083-2X,8138604904627,Billy Reid,Billy Reid x Gibson Biker Jacket
GABR-204-083-3X,8138604576947,Billy Reid,Billy Reid x Gibson Biker Jacket
GABR-1401-1517-XS,8138604740787,Billy Reid,Billy Reid x Gibson Hummingbird Dress
GABR-1401-1517-SM,8138605232307,Billy Reid,Billy Reid x Gibson Hummingbird Dress
GABR-1401-1517-MD,8138605068467,Billy Reid,Billy Reid x Gibson Hummingbird Dress
GABR-1401-1517-LG,8138605363379,Billy Reid,Billy Reid x Gibson Hummingbird Dress
GABR-1401-1517-XL,8138604970163,Billy Reid,Billy Reid x Gibson Hummingbird Dress
GABR-1103-1693-XS,8138606018739,Billy Reid,Billy Reid x Gibson Cardigan Sweater
GABR-1103-1693-SM,8138606117043,Billy Reid,Billy Reid x Gibson Cardigan Sweater
GABR-1103-1693-MD,8138606313651,Billy Reid,Billy Reid x Gibson Cardigan Sweater
GABR-1103-1693-LG,8138599694515,Billy Reid,Billy Reid x Gibson Cardigan Sweater
GABR-1103-1693-XL,8138606215347,Billy Reid,Billy Reid x Gibson Cardigan Sweater
GABR-1101-1511-SMMD,8138599563443,Billy Reid,Billy Reid x Gibson Bandana Tunic
GABR-1101-1511-LGXL,8138599792819,Billy Reid,Billy Reid x Gibson Bandana Tunic
GABR-105-074-XS,8138599956659,Billy Reid,Billy Reid x Gibson Muscle Shoals Music Row Tee
GABR-105-074-SM,8138600087731,Billy Reid,Billy Reid x Gibson Muscle Shoals Music Row Tee
GABR-105-074-MD,8138600317107,Billy Reid,Billy Reid x Gibson Muscle Shoals Music Row Tee
GABR-105-074-LG,8138600218803,Billy Reid,Billy Reid x Gibson Muscle Shoals Music Row Tee
GABR-105-074-XL,8138599891123,Billy Reid,Billy Reid x Gibson Muscle Shoals Music Row Tee
GABR-105-074-2X,8138600480947,Billy Reid,Billy Reid x Gibson Muscle Shoals Music Row Tee
GABR-104-700-XS,8138600612019,Billy Reid,Billy Reid x Gibson Dover Crewneck Sweatshirt
GABR-104-700-SM,8138600710323,Billy Reid,Billy Reid x Gibson Dover Crewneck Sweatshirt
GABR-104-700-MD,8138600939699,Billy Reid,Billy Reid x Gibson Dover Crewneck Sweatshirt
GABR-104-700-LG,8138601234611,Billy Reid,Billy Reid x Gibson Dover Crewneck Sweatshirt
GABR-104-700-XL,8138600808627,Billy Reid,Billy Reid x Gibson Dover Crewneck Sweatshirt
GABR-104-700-2X,8138601038003,Billy Reid,Billy Reid x Gibson Dover Crewneck Sweatshirt
GABR-103-261-XS,8138601365683,Billy Reid,Billy Reid x Gibson Crewneck
GABR-103-261-SM,8138601824435,Billy Reid,Billy Reid x Gibson Crewneck
GABR-103-261-MD,8138601922739,Billy Reid,Billy Reid x Gibson Crewneck
GABR-103-261-LG,8138602053811,Billy Reid,Billy Reid x Gibson Crewneck
GABR-103-261-XL,8138601693363,Billy Reid,Billy Reid x Gibson Crewneck
GABR-103-261-2X,8138601791667,Billy Reid,Billy Reid x Gibson Crewneck
GABR-102-1711-XS,8138601889971,Billy Reid,Billy Reid x Gibson Embroidered Denim Shirt
GABR-102-1711-SM,8138602021043,Billy Reid,Billy Reid x Gibson Embroidered Denim Shirt
GABR-102-1711-MD,8138602250419,Billy Reid,Billy Reid x Gibson Embroidered Denim Shirt
GABR-102-1711-LG,8138602447027,Billy Reid,Billy Reid x Gibson Embroidered Denim Shirt
GABR-102-1711-XL,8138602152115,Billy Reid,Billy Reid x Gibson Embroidered Denim Shirt
GABR-102-1711-2X,8138602545331,Billy Reid,Billy Reid x Gibson Embroidered Denim Shirt
GABR-102-1711-3X,8138602348723,Billy Reid,Billy Reid x Gibson Embroidered Denim Shirt
GABR-102-1613-XS,8138602741939,Billy Reid,Billy Reid x Gibson Western Shirt
GABR-102-1613-SM,8138602971315,Billy Reid,Billy Reid x Gibson Western Shirt
GABR-102-1613-MD,8138602807475,Billy Reid,Billy Reid x Gibson Western Shirt
GABR-102-1613-LG,8138603036851,Billy Reid,Billy Reid x Gibson Western Shirt
GABR-102-1613-XL,8138602643635,Billy Reid,Billy Reid x Gibson Western Shirt
GABR-102-1613-2X,8138603233459,Billy Reid,Billy Reid x Gibson Western Shirt
GA-TEE-TOUR-BLK-SM,8167242432691,Gibson,Gibson 70s Tour Tee (Black)
GA-TEE-TOUR-BLK-MD,8167242301619,Gibson,Gibson 70s Tour Tee (Black)
GA-TEE-TOUR-BLK-LG,8167242072243,Gibson,Gibson 70s Tour Tee (Black)
GA-TEE-TOUR-BLK-XL,8167242105011,Gibson,Gibson 70s Tour Tee (Black)
GA-TEE-TOUR-BLK-2X,8167242203315,Gibson,Gibson 70s Tour Tee (Black)
GA-TEE-TOUR-BLK-3X,8167242006707,Gibson,Gibson 70s Tour Tee (Black)
PMMH-STCH,8138576658611,Gibson,Gibson Steinberger™ Gearless Tuner Set
PMMH-STBK,8138576494771,Gibson,Gibson Steinberger™ Gearless Tuner Set
PMMH-STGH,8138576789683,Gibson,Gibson Steinberger™ Gearless Tuner Set
PMMH-040,8138576036019,Gibson,Gibson Deluxe Reissue-style Tuner Set
PMMH-015,8138575610035,Gibson,Gibson Keystone Tuner Set
PMMH-025,8138575773875,Gibson,Gibson Keystone Tuner Set
PMMH-010,8138575478963,Gibson,Gibson Deluxe Green Key Tuner Set
PMMH-020,8138575675571,Gibson,Gibson Deluxe Green Key Tuner Set
PMMH-050,8138576167091,Gibson,Gibson Deluxe Yellow Key Tuner Set
PMMH-060,8138576330931,Gibson,Gibson Deluxe White Button Tuner Set
PRPR-010,8138580885683,Gibson,Gibson Neck Pickup Mounting Ring
PRPR-015,8138580918451,Gibson,Gibson Neck Pickup Mounting Ring
PRPR-020,8138580951219,Gibson,Gibson Bridge Pickup Mounting Ring
PRPR-025,8138580983987,Gibson,Gibson Bridge Pickup Mounting Ring
PRPG-010,8138580721843,Gibson,"Gibson Les Paul Studio Pickguard, Black"
PRCP-010,8138579181747,Gibson,Gibson Control Plate
PRCP-020,8138579214515,Gibson,Gibson SG Control Plate
PRSP-010,8138581508275,Gibson,Gibson Switchplate
PRSK-010,8138581377203,Gibson,Gibson Speed Knobs  - 4 pack
PRSK-020,8138581442739,Gibson,Gibson Speed Knobs  - 4 pack
PRHK-010,8138579378355,Gibson,Gibson Top Hat Knobs - 4 pack
PRHK-020,8138579411123,Gibson,Gibson Top Hat Knobs - 4 pack
PRHK-030,8138579476659,Gibson,Gibson Top Hat Knobs - 4 pack
PRMK-010,8138579804339,Gibson,Gibson Top Hat Knobs with Inserts - 4 pack
PRMK-020,8138579837107,Gibson,Gibson Top Hat Knobs with Inserts - 4 pack
PRMK-030,8138579869875,Gibson,Gibson Top Hat Knobs with Inserts - 4 pack
GA-AN-HDHUMXS,8138607984819,Aviator Nation,Aviator Nation X Gibson Hummingbird Zip Hoodie
GA-AN-HDHUMSM,8138608312499,Aviator Nation,Aviator Nation X Gibson Hummingbird Zip Hoodie
GA-AN-HDHUMMD,8138608378035,Aviator Nation,Aviator Nation X Gibson Hummingbird Zip Hoodie
GA-AN-HDHUMLG,8138608574643,Aviator Nation,Aviator Nation X Gibson Hummingbird Zip Hoodie
GA-AN-HDHUMXL,8138608181427,Aviator Nation,Aviator Nation X Gibson Hummingbird Zip Hoodie
GA-AN-HDHUMXXL,8138608083123,Aviator Nation,Aviator Nation X Gibson Hummingbird Zip Hoodie
GA-AN-HDMOXS,8138610049203,Aviator Nation,Aviator Nation X Gibson Moto Zip Hoodie
GA-AN-HDMOSM,8138610147507,Aviator Nation,Aviator Nation X Gibson Moto Zip Hoodie
GA-AN-HDMOMD,8138610376883,Aviator Nation,Aviator Nation X Gibson Moto Zip Hoodie
GA-AN-HDMOLG,8138610507955,Aviator Nation,Aviator Nation X Gibson Moto Zip Hoodie
GA-AN-HDMOXL,8138610213043,Aviator Nation,Aviator Nation X Gibson Moto Zip Hoodie
GA-AN-HDMOXXL,8138609852595,Aviator Nation,Aviator Nation X Gibson Moto Zip Hoodie
GA-AN-LPC,8138608345267,Aviator Nation,Aviator Nation X Gibson Les Paul Trucker
GA-AN-NVC,8138608148659,Aviator Nation,Aviator Nation X Gibson USA Trucker
GA-AN-TBBWHTXS,8138607558835,Aviator Nation,Aviator Nation X Gibson Baseball Tee
GA-AN-TBBWHTSM,8138607919283,Aviator Nation,Aviator Nation X Gibson Baseball Tee
GA-AN-TBBWHTMD,8138607755443,Aviator Nation,Aviator Nation X Gibson Baseball Tee
GA-AN-TBBWHTLG,8138608050355,Aviator Nation,Aviator Nation X Gibson Baseball Tee
GA-AN-TBBWHTXL,8138607657139,Aviator Nation,Aviator Nation X Gibson Baseball Tee
GA-AN-TBBWHTXXL,8138607362227,Aviator Nation,Aviator Nation X Gibson Baseball Tee
GA-AN-TUCHRXS,8138602184883,Aviator Nation,Aviator Nation X Gibson USA Crew Tee
GA-AN-TUCHRSM,8138602381491,Aviator Nation,Aviator Nation X Gibson USA Crew Tee
GA-AN-TUCHRMD,8138602512563,Aviator Nation,Aviator Nation X Gibson USA Crew Tee
GA-AN-TUCHRLG,8138602610867,Aviator Nation,Aviator Nation X Gibson USA Crew Tee
GA-AN-TUCHRXL,8138602283187,Aviator Nation,Aviator Nation X Gibson USA Crew Tee
GA-AN-TUCHRXXL,8138602086579,Aviator Nation,Aviator Nation X Gibson USA Crew Tee
GA-AN-WHC,8138605592755,Aviator Nation,Aviator Nation X Gibson Trucker
GA-AN-WTCWHTXS,8138606182579,Aviator Nation,Aviator Nation X Gibson Boyfriend Tee (White)
GA-AN-WTCWHTSM,8138604216499,Aviator Nation,Aviator Nation X Gibson Boyfriend Tee (White)
GA-AN-WTCWHTMD,8138604347571,Aviator Nation,Aviator Nation X Gibson Boyfriend Tee (White)
GA-AN-WTCWHTLG,8138604445875,Aviator Nation,Aviator Nation X Gibson Boyfriend Tee (White)
GA-AN-WTCWHTXL,8138606346419,Aviator Nation,Aviator Nation X Gibson Boyfriend Tee (White)
GA-AN-WTKRWHTXS,8138605691059,Aviator Nation,Aviator Nation X Gibson USA Women's Racer Tank
GA-AN-WTKRWHTSM,8138605854899,Aviator Nation,Aviator Nation X Gibson USA Women's Racer Tank
GA-AN-WTKRWHTMD,8138606084275,Aviator Nation,Aviator Nation X Gibson USA Women's Racer Tank
GA-AN-WTKRWHTLG,8138606248115,Aviator Nation,Aviator Nation X Gibson USA Women's Racer Tank
GA-AN-WTKRWHTXL,8138605985971,Aviator Nation,Aviator Nation X Gibson USA Women's Racer Tank
GA-AN-WTCCHRXS,8138604675251,Aviator Nation,Aviator Nation X Gibson Boyfriend Tee (Charcoal)
GA-AN-WTCCHRSM,8138605134003,Aviator Nation,Aviator Nation X Gibson Boyfriend Tee (Charcoal)
GA-AN-WTCCHRMD,8138605035699,Aviator Nation,Aviator Nation X Gibson Boyfriend Tee (Charcoal)
GA-AN-WTCCHRLG,8138605330611,Aviator Nation,Aviator Nation X Gibson Boyfriend Tee (Charcoal)
GA-AN-WTCCHRXL,8138604839091,Aviator Nation,Aviator Nation X Gibson Boyfriend Tee (Charcoal)
GA-AN-FVC,8138608476339,Aviator Nation,Aviator Nation X Gibson Flying V Trucker
GA-AN-BLC,8138608705715,Aviator Nation,Aviator Nation X Gibson Black Trucker
GA-47-FLGSHPBLK,8138622632115,Gibson,Gibson Gibson Classic Black '47 Flagship Wash MVP Hat
GA-47-CLSCBLK,8138622959795,Gibson,Gibson Gibson Classic '47 Clean Up Hat
GA-47-CAMO,8138623156403,Gibson,Gibson Gibson Camo '47 Clean Up Hat
PGFC-CH,8167258751155,Gibson,Gibson G-FORCE Charger
PGFC-BA,8138575315123,Gibson,Gibson G-FORCE Battery
ASRET-RED,8138653139123,Gibson,Gibson The Retro
ASRET-GRN,8138653040819,Gibson,Gibson The Retro
ASPS-HB,8167262519475,Gibson,Gibson The Hummingbird
ASPS-DOV,8167262421171,Gibson,Gibson The Dove
ASNB-BLK,8138648715443,Gibson,Gibson The Nubuck
ASNB-BRN,8167262290099,Gibson,Gibson The Nubuck
ASNB-TAN,8138648551603,Gibson,Gibson The Nubuck
ASMV-HC,8167262748851,Gibson,Gibson The Modern Vintage
APMP-IP678,8167263502515,Gibson,Gibson Mother of Pearl Logo Inlay Premium Phone Case
APMP-IP678+,8167263666355,Gibson,Gibson Mother of Pearl Logo Inlay Premium Phone Case
APMP-IPXXS,8138647339187,Gibson,Gibson Mother of Pearl Logo Inlay Premium Phone Case
APMP-IPXSM,8138647437491,Gibson,Gibson Mother of Pearl Logo Inlay Premium Phone Case
APMP-IPXR,8138647535795,Gibson,Gibson Mother of Pearl Logo Inlay Premium Phone Case
APLP-IP678,8167263895731,Gibson,Gibson Les Paul Premium Phone Case
APLP-IP678+,8167263371443,Gibson,Gibson Les Paul Premium Phone Case
APLP-IPXXS,8138647896243,Gibson,Gibson Les Paul Premium Phone Case
APLP-IPXSM,8138647961779,Gibson,Gibson Les Paul Premium Phone Case
APLP-IPXR,8138648060083,Gibson,Gibson Les Paul Premium Phone Case
APHL-IP678,8167264026803,Gibson,Gibson Holly Inlay Premium Phone Case
APHL-IP678+,8167263797427,Gibson,Gibson Holly Inlay Premium Phone Case
APHL-IPXXS,8138648420531,Gibson,Gibson Holly Inlay Premium Phone Case
APHL-IPXSM,8138648748211,Gibson,Gibson Holly Inlay Premium Phone Case
APHL-IPXR,8138648912051,Gibson,Gibson Holly Inlay Premium Phone Case
PRPC-040,8138580525235,Gibson,Gibson P-90 / P-100 Pickup Covers
PRPC-045,8138580590771,Gibson,Gibson P-90 / P-100 Pickup Covers
PRPC-050,8138580656307,Gibson,Gibson P-90 / P-100 Pickup Covers
PRPC-055,8138580689075,Gibson,Gibson P-90 / P-100 Pickup Covers
PRTR-040,8138581967027,Gibson,Gibson Truss Rod Cover Les Paul Studio
PRPC-015,8138580164787,Gibson,Gibson Bridge Humbucker Cover
PRPC-025,8138580328627,Gibson,Gibson Bridge Humbucker Cover
PRPC-035,8138580459699,Gibson,Gibson Bridge Humbucker Cover
PRPC-010,8138580132019,Gibson,Gibson Neck Humbucker Cover
PRPC-020,8138580230323,Gibson,Gibson Neck Humbucker Cover
PRPC-030,8138580394163,Gibson,Gibson Neck Humbucker Cover
ASSD-BLK,8138652975283,Gibson,Gibson The Split-Diamond 
N/A,#VALUE!,Gibson,Gibson The Split-Diamond 
AS-SLSH-GLD,8138644160691,Gibson,Gibson Slash Premium Leather Guitar Strap (Black)
ASVS-GAR,8138654613683,Gibson,Gibson The Garden
ASTSTN-TAN,8138642063539,Gibson,Gibson Hemp Guitar Strap
ASMVM-BLK,8138649043123,Gibson,Gibson The Modern Vintage Mini (Black)
ASMVM-BRN,8138648879283,Gibson,Gibson The Modern Vintage Mini (Cherry Brown)
ASAJ-BLK,8138646519987,Gibson,Gibson Adam Jones 1979 Premium Guitar Strap (Black)
GA-FDBKSPR3,8138601758899,Gibson,Gibson Gibson Generation Acoustic Player Port™ Cover
GA-FDBKSPR2,8138597236915,Gibson,"Gibson Gibson Generation Acoustic Soundhole Cover, with Pickup Control Access"
GA-FDBKSPR1,8138597335219,Gibson,"Gibson Gibson Generation Acoustic Soundhole Cover, Standard"
ASDAVEM-BLK,8138646945971,Gibson,Gibson Dave Mustaine Signature Guitar Strap (Black)
APRE12-74H,8138647240883,Epiphone,"Epiphone Epiphone Picks, 12 Pack"
APRE12-74M,8138647044275,Epiphone,"Epiphone Epiphone Picks, 12 Pack"
APRE12-74T,8138647142579,Epiphone,"Epiphone Epiphone Picks, 12 Pack"
PP-BE-EPI-E,8138573283507,Epiphone,"Epiphone Epiphone Picks, 12 Pack"
APRW12-74T,8138651762867,Gibson,"Gibson White Pearl Picks, 12 Pack"
APRW12-74M,8138651992243,Gibson,"Gibson White Pearl Picks, 12 Pack"
APRW12-74H,8138651861171,Gibson,"Gibson White Pearl Picks, 12 Pack"
APRT12-74T,8138652188851,Gibson,"Gibson Tortoise Picks, 12 Pack"
APRT12-74M,8138652385459,Gibson,"Gibson Tortoise Picks, 12 Pack"
APRT12-74H,8138652549299,Gibson,"Gibson Tortoise Picks, 12 Pack"
APRM6-73,8138652680371,Gibson,"Gibson Modern Picks, 6 Pack"
APRM6-88,8138652844211,Gibson,"Gibson Modern Picks, 6 Pack"
APRM6-100,8138652942515,Gibson,"Gibson Modern Picks, 6 Pack"
PP-BE-EPI-E,8138573283507,Epiphone,Epiphone Epiphone Pick Puck (Ebony)
PP-BE-GIBSON,8138573414579,Gibson,Gibson Pearl Logo Pick Puck (Ebony)
PP-BE-HOLLY,8138573545651,Gibson,Gibson Holly Pick Puck (Ebony)
PP-BE-HUM,8138573643955,Gibson,Gibson Hummingbird Pick Puck (Ebony)
PP-CK-GIBSON,8138573906099,Gibson,Gibson Pearl Logo Pick Puck (Koa)
PP-CK-HOLLY,8138574004403,Gibson,Gibson Holly Pick Puck (Koa)
PP-CK-HUM,8138574069939,Gibson,Gibson Hummingbird Pick Puck (Koa)
PP-SB-HUM,8138579148979,Gibson,Gibson Hummingbird Pick Puck (Sunburst Maple)
APRGG50-74H,8138654253235,Gibson,Gibson Standard Pick Tin (50 pcs.)
APRGG50-74M,8138654154931,Gibson,Gibson Standard Pick Tin (50 pcs.)
APRGG50-74T,8138654056627,Gibson,Gibson Standard Pick Tin (50 pcs.)
APRGG50-74XH,8138653925555,Gibson,Gibson Standard Pick Tin (50 pcs.)
AIGG-910,8138649862323,Gibson,Gibson Guitar Polish
AIGG-RK1,8138649501875,Gibson,Gibson Vintage Reissue Guitar Restoration Kit
ATSC-01,8138643734707,Gibson,Gibson String Change Kit
ASJ200CASE-MDR,8138645799091,Gibson,Gibson SJ-200 Modern Hardshell Case
ASJ185CASE-MDR,8138645962931,Gibson,Gibson J-185 Modern Hardshell Case
ASTBCASE-MDR,8138643505331,Gibson,Gibson Thunderbird Modern Hardshell Case
ASFBCASE-MDR ,#VALUE!,Gibson,Gibson Firebird Modern Hardshell Case
ASEXPCASE-MDR,8138646683827,Gibson,Gibson Explorer Modern Hardshell Case
ASDNCASE-MDR,8138646880435,Gibson,Gibson Dreadnought Modern Hardshell Case
AS335CASE-MDR,8112787554483,Gibson,Gibson ES-335 Modern Hardshell Case
ASSGCASE-MDR,8138652025011,Gibson,Gibson SG Modern Hardshell Case
ASLPJCASE-MDR,8138649567411,Gibson,Gibson Les Paul Jr. Modern Hardshell Case
ASLPCASE-MDR,8138649731251,Gibson,Gibson Les Paul Modern Hardshell Case
ASSGCASE-ORG,8138652156083,Gibson,Gibson SG Original Hardshell Case
AS339CASE-ORG,8138646618291,Gibson,Gibson ES-339 Original Hardshell Case
AS335CASE-ORG,8112787521715,Gibson,Gibson ES-335 Original Hardshell Case
ASEXPCASE-ORG,8138646585523,Gibson,Gibson Explorer Original Hardshell Case
ASLPJCASE-ORG,8138649272499,Gibson,Gibson Les Paul Jr. Original Hardshell Case
ASLPCASE-ORG,8138649403571,Gibson,Gibson Les Paul Original Hardshell Case
ASSLSHCASE-RED,8138644258995,Gibson,"Gibson Slash Les Paul Guitar Case, November Red"
ASSLSHCASE-GRN,8138651893939,Gibson,"Gibson Slash Les Paul Guitar Case, Anaconda Green"
ASBASSCASE-MDR,8138646159539,Gibson,Gibson SG Bass Modern Hardshell Case
ASBASSCASE-ORG,8138645995699,Gibson,Gibson SG Bass Original Hardshell Case
ASCLTCASE-DN,8138644586675,Gibson,"Gibson Gibson Signature Series Calton Case, Hummingbird / J-45"
ASFVCASE-ORG,8138646126771,Gibson,Gibson Flying V Original Hardshell Case
ASFVCASE-MDR,8138646290611,Gibson,Gibson Flying V Modern Hardshell Case
ASPRCASE-FLV,8138653827251,Gibson,"Gibson Deluxe Protector Case, Flying V"
ASLGCASE-MDR,8138643701939,Gibson,Gibson Small-Body Acoustic Modern Hardshell Case
ASLGCASE-ORG,8138643538099,Gibson,Gibson Small-Body Acoustic Original Hardshell Case
ASPRCASE-LG,8138653565107,Gibson,"Gibson Deluxe Protector Case, Small-Body Acoustic"
ASPRCASE-J200,8138653434035,Gibson,"Gibson Deluxe Protector Case, Jumbo Acoustic"
ASPGIG-LG,8138648125619,Gibson,"Gibson Premium Gig Bag, Small-Body "
ASPGIG-DN,8112787456179,Gibson,"Gibson Premium Gig Bag, Dreadnought Square and Round Shoulder"
SAG-PB12L,8138586652851,Gibson,"Gibson Coated Phosphor Bronze Acoustic Guitar Strings, 12-String Set"
SAG-PB11,8138586456243,Gibson,Gibson Phosphor Bronze Acoustic Guitar Strings
SAG-PB12,8138586554547,Gibson,Gibson Phosphor Bronze Acoustic Guitar Strings
SAG-PB13,8138586718387,Gibson,Gibson Phosphor Bronze Acoustic Guitar Strings
SAG-CBRW11,8138585309363,Gibson,Gibson Coated 80/20 Bronze Acoustic Guitar Strings
SAG-CBRW12,8138585407667,Gibson,Gibson Coated 80/20 Bronze Acoustic Guitar Strings
SAG-CBRW13,8138585505971,Gibson,Gibson Coated 80/20 Bronze Acoustic Guitar Strings
SAG-BRW11,8138585047219,Gibson,Gibson 80/20 Bronze Acoustic Guitar Strings
SAG-BRW12,8138585145523,Gibson,Gibson 80/20 Bronze Acoustic Guitar Strings
SAG-BRW13,8138585211059,Gibson,Gibson 80/20 Bronze Acoustic Guitar Strings
SEG-BW12L,8138588324019,Gibson,"Gibson Brite Wire Electric Guitar Strings, 12-String Set"
SEG-BWR9,8138583310515,Gibson,Gibson Brite Wire 'Reinforced' Electric Guitar Strings
SEG-BWR10,8138583048371,Gibson,Gibson Brite Wire 'Reinforced' Electric Guitar Strings
SEG-BWR11,8138583179443,Gibson,Gibson Brite Wire 'Reinforced' Electric Guitar Strings
SEG-HVR9,8138583736499,Gibson,Gibson Vintage Reissue Electric Guitar Strings
SEG-HVR10,8138583572659,Gibson,Gibson Vintage Reissue Electric Guitar Strings
SEG-HVR11,8138583670963,Gibson,Gibson Vintage Reissue Electric Guitar Strings
SEG-LES,8138583834803,Gibson,Gibson Les Paul Premium Electric Guitar Strings
SEG-LES9,8138584031411,Gibson,Gibson Les Paul Premium Electric Guitar Strings
SEG-LES10,8138583933107,Gibson,Gibson Les Paul Premium Electric Guitar Strings
SEG-FW11,8138583441587,Gibson,Gibson Flatwound Electric Guitar Strings
SEG-FW12,8138583507123,Gibson,Gibson Flatwound Electric Guitar Strings
GA-CLK3,8138602315955,Gibson,Gibson Gibson Vintage Lighted Wall Clock - Gibson Inc.
GA-CLK3-INTL,8167252918451,Gibson,Gibson Gibson Vintage Lighted Wall Clock - Gibson Inc.
GA-CLK2,8138602217651,Gibson,Gibson Gibson Vintage Lighted Wall Clock - Strings
GA-CLK4,8138602119347,Gibson,Gibson Gibson Vintage Lighted Wall Clock - Handmade Strings
GA-CLK1,8138602578099,Gibson,Gibson Gibson Vintage Lighted Wall Clock -  Kalamazoo Orange
GA-CLK2-INTL,8167252852915,Gibson,Gibson Gibson Vintage Lighted Wall Clock - Strings
GA-CLK4-INTL,8138601988275,Gibson,Gibson Gibson Vintage Lighted Wall Clock - Handmade Strings
GA-CLK1-INTL,8138602414259,Gibson,Gibson Gibson Vintage Lighted Wall Clock -  Kalamazoo Orange
GA-LED2,8138534322355,Gibson,Gibson Gibson Custom LED Sign
GA-SGN1,8138532815027,Gibson,Gibson Gibson Vintage Lighted Sign - Guitars & Amplifiers
GE-LED1,8138514890931,Epiphone,Epiphone Epiphone Logo LED Sign
GS-LGMBW,8167253475507,Gibson,Gibson Standard Coffee Mug (14 oz.)
GS-LGMOA,8167253442739,Gibson,Gibson The Gibson Original Mug (12 oz.)
GS-LGMCA,8167253573811,Gibson,Gibson Gibson Custom Mug (15 oz.)
GS-LGMGG,8167253639347,Gibson,Gibson Gibson Gold Mug (11 oz.)
GL-PENN-EPI,8112786473139,Epiphone,"Epiphone Since 1873"" Oxford Pennant"""
GA-EB-PENN-BROS,8138599235763,Gibson,"Gibson x Everly Brothers Oxford Pennant, The Everly Brothers"
GA-EB-PENN-J200,8138599137459,Gibson,"Gibson x Everly Brothers Oxford Pennant, SJ-200"
EA-150-PENN,8138630332595,Epiphone,Epiphone Epiphone 150th Anniversary Pennant
GL-PENN-TUSAS,8167252230323,Gibson,"Gibson The Unmistakable Shape and Sound"" Oxford Pennant"""
Lifestyle,#VALUE!,Oxford Pennant,Oxford Pennant American Made
GL-PENN-FHRTW,8167252295859,Gibson,"Gibson Frets Heard 'Round the World"" Oxford Pennant"""
GL-PENN-GOTS,8167252394163,Gibson,"Gibson Guitars of the Stars"" Oxford Pennant"""
GL-PENN-OAGIGE,8167252492467,Gibson,"Gibson Only a Gibson Is Good Enough"" Oxford Pennant"""
GG-852AH,8100450435251,AXE HEAVEN,AXE HEAVEN® 6” Hummingbird Standard Mini Guitar Ornament
GG-851AH,8100450566323,AXE HEAVEN,AXE HEAVEN® 6” SG Standard Cherry Mini Guitar Ornament
GG-850AH,8100450828467,AXE HEAVEN,"AXE HEAVEN® 6 Les Paul Standard Cherry Sunburst Mini Guitar Ornament"""
EA-150-TEECRM-SM,8138629251251,Epiphone,Epiphone Epiphone 150th Anniversary Tee (Cream)
EA-150-TEECRM-MD,8138629152947,Epiphone,Epiphone Epiphone 150th Anniversary Tee (Cream)
EA-150-TEECRM-LG,8138629349555,Epiphone,Epiphone Epiphone 150th Anniversary Tee (Cream)
EA-150-TEECRM-XL,8138628694195,Epiphone,Epiphone Epiphone 150th Anniversary Tee (Cream)
EA-150-TEECRM-2X,8138629677235,Epiphone,Epiphone Epiphone 150th Anniversary Tee (Cream)
EA-150-TEECRM-3X,8138629447859,Epiphone,Epiphone Epiphone 150th Anniversary Tee (Cream)
EA-150-TEEBLK-SM,8138629808307,Epiphone,Epiphone Epiphone 150th Anniversary Tee (Black)
EA-150-TEEBLK-MD,8138629939379,Epiphone,Epiphone Epiphone 150th Anniversary Tee (Black)
EA-150-TEEBLK-LG,8138630103219,Epiphone,Epiphone Epiphone 150th Anniversary Tee (Black)
EA-150-TEEBLK-XL,8138629546163,Epiphone,Epiphone Epiphone 150th Anniversary Tee (Black)
EA-150-TEEBLK-2X,8138630463667,Epiphone,Epiphone Epiphone 150th Anniversary Tee (Black)
EA-150-TEEBLK-3X,8138630201523,Epiphone,Epiphone Epiphone 150th Anniversary Tee (Black)
EA-150-PATCH2,8138630561971,Epiphone,"Epiphone Epiphone 150th Anniversary Embroidered Patch, Square"
EA-150-PATCH1,8138630889651,Epiphone,"Epiphone Epiphone 150th Anniversary Embroidered Patch, Rectangle"
EA-150-FLAG,8138630725811,Epiphone,Epiphone Epiphone 150th Anniversary Camp Flag
ASCLTCASE-SG,8138647568563,Gibson,"Gibson Gibson Signature Series Calton Case, SG"
ASCLTCASE-LP,8138647634099,Gibson,"Gibson Gibson Signature Series Calton Case, Les Paul"
ASCLTCASE-MDL,8138647503027,Gibson,"Gibson Gibson Signature Series Calton Case, F-5 Mandolin"
ASCLTCASE-BNJ,8138644848819,Gibson,"Gibson Gibson Signature Series Calton Case, Banjo"
ASCLTCASE-335,8138644750515,Gibson,"Gibson Gibson Signature Series Calton Case, ES-335"
G200-VBLOCK-BE-INK,8138609492147,Epiphone,Epiphone Epiphone V-Block Ebony Capo (24K Gold)
G200-SPLITPARA-IR,8138609655987,Gibson,Gibson Split Parallelogram Rosewood Capo (24K Gold)
G200-TRAP-IR-TREBLE,8138609557683,Gibson,Gibson Trapezoid Rosewood Capo (24K Gold)
G200-LBLOCK-BE,8138609819827,Gibson,Gibson Large Block Ebony Capo (24K Gold)
C200-VBLOCK-BE-INK,8138641080499,Epiphone,Epiphone Epiphone V-Block Ebony Capo (Chrome)
C200-TRAP-IR-TREBLE,8138641113267,Gibson,Gibson Trapezoid Rosewood Capo (Chrome)
C200-SPLITPARA-IR,8138641211571,Gibson,Gibson Split Parallelogram Rosewood Capo (Chrome)
C200-LBLOCK-BE,8138641277107,Gibson,Gibson Large Block Ebony Capo (Chrome)
C200-GIB-KOA,8138641375411,Gibson,Gibson Hawaiian Koa Capo (Chrome)
B200-LBLOCK-BE,8138643275955,Gibson,Gibson Large Block Ebony Capo (Black Chrome)
B200-TRAP-IR-TREBLE,8138643013811,Gibson,Gibson Trapezoid Rosewood Capo (Black Chrome)
B200-SPLITPARA-IR,8138643112115,Gibson,Gibson Split Parallelogram Rosewood Capo (Black Chrome)
B200-HBB-GIB,8138643407027,Gibson,Gibson Hummingbird Burst Capo (Black Chrome)
B200-VBLOCK-BE-INK,8138642915507,Epiphone,Epiphone Epiphone V-Block Ebony Capo (Black Chrome)
ASAJ-DOG-BLK,8138646388915,Gibson,Gibson Adam Jones Leather Guitar Strap + Brooch Combo
PUDFTDBQ4,8167214907571,Gibson,"Gibson Dirty Fingers Quick Connect Treble (Treble, Double Black, Quick Connect 4-Conductor, Potted, Ceramic, 15K)"
PU57TDBNCQ4,8167214514355,Gibson,"Gibson ’57 Classic Quick Connect Treble (Treble, Double Black, Nickel Cover, Quick Connect 4-conductor, Potted, Alnico 2, 8K)"
PU490RZB4,8167215071411,Gibson,"Gibson 490R “Modern Classic” Zebra (Rhythm, Zebra, 4-Conductor, Potted, Alnico 2, 8K)"
PU498TZB4,8167215005875,Gibson,"Gibson 498T “Hot Alnico” Zebra (Treble, Zebra, 4-Conductor, Potted, Alnico 5, 14K)"
PU496R500TDB4-SET,8167214612659,Gibson,"Gibson 496R/500T Set (Double Black, 4-Conductor, Potted, Ceramic, 496R: 8.4K, 500T: 15.2K)"
PU57RDBNCQ4,8167214710963,Gibson,"Gibson ’57 Classic Quick Connect Rhythm (Rhythm, Double Black, Nickel Cover, Quick Connect 4-conductor, Potted, Alnico 2, 8K)"
PUDFRDBQ4,8167214809267,Gibson,"Gibson Dirty Fingers Quick Connect Rhythm (Rhythm, Double Black, Quick Connect 4-Conductor, Potted, Ceramic, 15K)"
PUBBPTDBNC2,8167244071091,Gibson,"Gibson Burstbucker Pro (Treble, Double Black, Nickel Cover, 2-Conductor, Potted, Alnico 5, 8.3K) "
PUBBPRDBNC2,8167243940019,Gibson,"Gibson Burstbucker Pro (Treble, Double Black, Nickel Cover, 2-Conductor, Potted, Alnico 5, 8.3K) "
GG-SLASH4-CST,8167247872179,Gibson,Gibson  SLASH FT. MYLES KENNEDY & THE CONSPIRATORS - 4 Cassette
GG-SLASH4-BOX-CD,8167248068787,Gibson,Gibson SLASH FT. MYLES KENNEDY & THE CONSPIRATORS - 4 Deluxe CD Boxset
GG-SLASH4-CD,8167248036019,Gibson,Gibson SLASH FT. MYLES KENNEDY & THE CONSPIRATORS 4 CD
GG-SLASH4-BOX-VYNL,8167247839411,Gibson,Gibson SLASH FT. MYLES KENNEDY & THE CONSPIRATORS - 4 Deluxe Vinyl Boxset
GG-SLASH4-VINYL,8167247904947,Gibson,Gibson SLASH FT. MYLES KENNEDY & THE CONSPIRATORS 4 Vinyl
AKYC-BLK,8138649108659,Gibson,Gibson Premium Leather Pickholder Keychain 
AKYC-BRN,8138649239731,Gibson,Gibson Premium Leather Pickholder Keychain 
ASPIN-GP,8138647732403,Gibson,Gibson Guitar Pick Lapel Pin
GP-PCK,8167253803187,Gibson,Gibson Guitar Pick Iron-On Patch
GA-LC-HDFZLGXS,8138543661235,Gibson,Gibson Gibson Full-Zip Hoodie
GA-LC-HDFZLGSM,8138536419507,Gibson,Gibson Gibson Full-Zip Hoodie
GA-LC-HDFZLGMD,8138536583347,Gibson,Gibson Gibson Full-Zip Hoodie
GA-LC-HDFZLGLG,8138536812723,Gibson,Gibson Gibson Full-Zip Hoodie
GA-LC-HDFZLGXL,8138543497395,Gibson,Gibson Gibson Full-Zip Hoodie
GA-LC-HDFZLG2X,8138536714419,Gibson,Gibson Gibson Full-Zip Hoodie
GA-LC-HDFZLG3X,8167256850611,Gibson,Gibson Gibson Full-Zip Hoodie
GA-SC-HDFZFVXS,8138531995827,Gibson,Gibson Flying V Full-Zip Hoodie
GA-SC-HDFZFVSM,8138532028595,Gibson,Gibson Flying V Full-Zip Hoodie
GA-SC-HDFZFVMD,8138532061363,Gibson,Gibson Flying V Full-Zip Hoodie
GA-SC-HDFZFVLG,8138532094131,Gibson,Gibson Flying V Full-Zip Hoodie
GA-SC-HDFZFVXL,8167254524083,Gibson,Gibson Flying V Full-Zip Hoodie
GA-SC-HDFZFV2X,8138532159667,Gibson,Gibson Flying V Full-Zip Hoodie
GA-SC-HDFZFV3X,8138532126899,Gibson,Gibson Flying V Full-Zip Hoodie
GA-GG-PATCHJKTSM,8138598318259,Gibson,Gibson Gibson Patch Jacket
GA-GG-PATCHJKTMD,8138598449331,Gibson,Gibson Gibson Patch Jacket
GA-GG-PATCHJKTLG,8138598711475,Gibson,Gibson Gibson Patch Jacket
GA-GG-PATCHJKTXL,8138598056115,Gibson,Gibson Gibson Patch Jacket
GA-GG-PATCHJKT2X,8138598842547,Gibson,Gibson Gibson Patch Jacket
GA-GG-PATCHJKT3X,8138598580403,Gibson,Gibson Gibson Patch Jacket
GA-MOAM-SWET-SM,8167240794291,Gibson,Gibson Gives x MusiCares: Music on a Mission Sweatshirt
GA-MOAM-SWET-MD,8167240597683,Gibson,Gibson Gives x MusiCares: Music on a Mission Sweatshirt
GA-MOAM-SWET-LG,8167240532147,Gibson,Gibson Gives x MusiCares: Music on a Mission Sweatshirt
GA-MOAM-SWET-XL,8167240663219,Gibson,Gibson Gives x MusiCares: Music on a Mission Sweatshirt
GA-MOAM-SWET-2X,8167240499379,Gibson,Gibson Gives x MusiCares: Music on a Mission Sweatshirt
GA-MOAM-HOOD-SM,8167245840563,Gibson,Gibson Gives x MusiCares: Music on a Mission Hoodie
GA-MOAM-HOOD-MD,8167245676723,Gibson,Gibson Gives x MusiCares: Music on a Mission Hoodie
GA-MOAM-HOOD-LG,8167241351347,Gibson,Gibson Gives x MusiCares: Music on a Mission Hoodie
GA-MOAM-HOOD-XL,8167241253043,Gibson,Gibson Gives x MusiCares: Music on a Mission Hoodie
GA-MOAM-HOOD-2X,8167241187507,Gibson,Gibson Gives x MusiCares: Music on a Mission Hoodie
GA-SC-FLVTXS,8167254458547,Gibson,Gibson Flying V 'Formation' Tee
GA-SC-FLVTSM,8167254720691,Gibson,Gibson Flying V 'Formation' Tee
GA-SC-FLVTMD,8167254655155,Gibson,Gibson Flying V 'Formation' Tee
GA-SC-FLVTLG,8167254589619,Gibson,Gibson Flying V 'Formation' Tee
GA-SC-FLVTXL,8167254393011,Gibson,Gibson Flying V 'Formation' Tee
GA-SC-FLVT2X,8167254917299,Gibson,Gibson Flying V 'Formation' Tee
GA-SC-FLVT3X,8167255081139,Gibson,Gibson Flying V 'Formation' Tee
GA-MOAM-TEE-SM,8167241089203,Gibson,Gibson Gives x MusiCares: Music on a Mission Tee
GA-MOAM-TEE-MD,8167240990899,Gibson,Gibson Gives x MusiCares: Music on a Mission Tee
GA-MOAM-TEE-LG,8167240892595,Gibson,Gibson Gives x MusiCares: Music on a Mission Tee
GA-MOAM-TEE-XL,8167241023667,Gibson,Gibson Gives x MusiCares: Music on a Mission Tee
GA-MOAM-TEE-2X,8167240728755,Gibson,Gibson Gives x MusiCares: Music on a Mission Tee
GA-TEE-LBL-WHT-SM,8138529407155,Gibson,Gibson Acoustic Label Tee (Vintage White)
GA-TEE-LBL-WHT-MD,8138529505459,Gibson,Gibson Acoustic Label Tee (Vintage White)
GA-TEE-LBL-WHT-LG,8138529603763,Gibson,Gibson Acoustic Label Tee (Vintage White)
GA-TEE-LBL-WHT-XL,8138529177779,Gibson,Gibson Acoustic Label Tee (Vintage White)
GA-TEE-LBL-WHT-2X,8138529702067,Gibson,Gibson Acoustic Label Tee (Vintage White)
GA-TEE-LBL-WHT-3X,8138529800371,Gibson,Gibson Acoustic Label Tee (Vintage White)
GA-TEE-GAMP-BLK-SM,8138528456883,Gibson,Gibson Guitars and Amplifiers Tee
GA-TEE-GAMP-BLK-MD,8138528587955,Gibson,Gibson Guitars and Amplifiers Tee
GA-TEE-GAMP-BLK-LG,8138528686259,Gibson,Gibson Guitars and Amplifiers Tee
GA-TEE-GAMP-BLK-XL,8138528325811,Gibson,Gibson Guitars and Amplifiers Tee
GA-TEE-GAMP-BLK-2X,8138528882867,Gibson,Gibson Guitars and Amplifiers Tee
GA-TEE-GAMP-BLK-3X,8138528817331,Gibson,Gibson Guitars and Amplifiers Tee
GA-TBVMSM,8138528161971,Gibson,Gibson Thunderbird T
GA-TBVMMD,8138528424115,Gibson,Gibson Thunderbird T
GA-TBVMLG,8167253672115,Gibson,Gibson Thunderbird T
GA-TBVMXL,8138528293043,Gibson,Gibson Thunderbird T
GA-TBVMXXL,8138528030899,Gibson,Gibson Thunderbird T
GA-GCRMSM,8138548510899,Gibson,Gibson Gibson Custom T
GA-GCRMMD,8167260553395,Gibson,Gibson Gibson Custom T
GA-GCRMLG,8138548674739,Gibson,Gibson Gibson Custom T
GA-GCRMXL,8138548543667,Gibson,Gibson Gibson Custom T
GA-GCRMXXL,8138548478131,Gibson,Gibson Gibson Custom T
GA-FBBMSM,8138600153267,Gibson,Gibson Firebird T (Black)
GA-FBBMMD,8138600054963,Gibson,Gibson Firebird T (Black)
GA-FBBMLG,8138600251571,Gibson,Gibson Firebird T (Black)
GA-FBBMXL,8138599432371,Gibson,Gibson Firebird T (Black)
GA-FBBMXXL,8138599301299,Gibson,Gibson Firebird T (Black)
GA-FBWMSM,8138598252723,Gibson,Gibson Firebird T (White)
GA-FBWMMD,8138598547635,Gibson,Gibson Firebird T (White)
GA-FBWMLG,8138598383795,Gibson,Gibson Firebird T (White)
GA-FBWMXL,8138598121651,Gibson,Gibson Firebird T (White)
GA-FBWMXXL,8138597990579,Gibson,Gibson Firebird T (White)
GA-TEE-HAND-CRM-SM,8138527735987,Gibson,Gibson Handmade in Nashville Tee
GA-TEE-HAND-CRM-MD,8138527834291,Gibson,Gibson Handmade in Nashville Tee
GA-TEE-HAND-CRM-LG,8138527932595,Gibson,Gibson Handmade in Nashville Tee
GA-TEE-HAND-CRM-XL,8138529833139,Gibson,Gibson Handmade in Nashville Tee
GA-TEE-HAND-CRM-2X,8138528063667,Gibson,Gibson Handmade in Nashville Tee
GA-TEE-HAND-CRM-3X,8138528194739,Gibson,Gibson Handmade in Nashville Tee
EA-TEE-MBSTR-BLU-SM,8138625089715,Epiphone,Epiphone Masterbilt Strings Tee (Sky Blue)​
EA-TEE-MBSTR-BLU-MD,8138625024179,Epiphone,Epiphone Masterbilt Strings Tee (Sky Blue)​
EA-TEE-MBSTR-BLU-LG,8138625319091,Epiphone,Epiphone Masterbilt Strings Tee (Sky Blue)​
EA-TEE-MBSTR-BLU-XL,8138624925875,Epiphone,Epiphone Masterbilt Strings Tee (Sky Blue)​
EA-TEE-MBSTR-BLU-2X,8138625384627,Epiphone,Epiphone Masterbilt Strings Tee (Sky Blue)​
EA-TEE-MBSTR-BLU-3X,8138625188019,Epiphone,Epiphone Masterbilt Strings Tee (Sky Blue)​
GA-GG-GSTARSTEE-SM,8138606706867,Gibson,Gibson Guitars of the Stars Shop Tee (Black)
GA-GG-GSTARSTEE-MD,8138606870707,Gibson,Gibson Guitars of the Stars Shop Tee (Black)
GA-GG-GSTARSTEE-LG,8138606772403,Gibson,Gibson Guitars of the Stars Shop Tee (Black)
GA-GG-GSTARSTEE-XL,8138606608563,Gibson,Gibson Guitars of the Stars Shop Tee (Black)
GA-GG-GSTARSTEE-2X,8138607132851,Gibson,Gibson Guitars of the Stars Shop Tee (Black)
GA-GG-GSTARSTEE-3X,8138606936243,Gibson,Gibson Guitars of the Stars Shop Tee (Black)
EA-TEE-HOUSE-RED-SM,8112787095731,Epiphone,Epiphone The House of Stathopoulo Tee (Maroon)
EA-TEE-HOUSE-RED-MD,8112787161267,Epiphone,Epiphone The House of Stathopoulo Tee (Maroon)
EA-TEE-HOUSE-RED-LG,8112337191091,Epiphone,Epiphone The House of Stathopoulo Tee (Maroon)
EA-TEE-HOUSE-RED-XL,8112787062963,Epiphone,Epiphone The House of Stathopoulo Tee (Maroon)
EA-TEE-HOUSE-RED-2X,8112787194035,Epiphone,Epiphone The House of Stathopoulo Tee (Maroon)
EA-TEE-HOUSE-RED-3X,8112787226803,Epiphone,Epiphone The House of Stathopoulo Tee (Maroon)
GA-GG-GRYHAT,8138607034547,Gibson,Gibson Gibson Gold Star Trucker 
GA-GG-GGT,8138548314291,Gibson,Gibson Gibson Guitar Co. Trucker
ASGG-700,#VALUE!,Gibson,Gibson The Gibson USA (Padded)
GA-GG-TTKSM,8138595598515,Gibson,Gibson Tristar Tank
GA-GG-TTKMD,8138596286643,Gibson,Gibson Tristar Tank
GA-GG-TTKLG,8138596384947,Gibson,Gibson Tristar Tank
GA-GG-TTKXL,8138595762355,Gibson,Gibson Tristar Tank
GA-GG-TTK2X,8138596581555,Gibson,Gibson Tristar Tank
GA-GG-NMTXS,8138594123955,Gibson,Gibson Nashville Men's Tee
GA-GG-NMTSM,8138594287795,Gibson,Gibson Nashville Men's Tee
GA-GG-NMTMD,8138594418867,Gibson,Gibson Nashville Men's Tee
GA-GG-NMTLG,8138594713779,Gibson,Gibson Nashville Men's Tee
GA-GG-NMTXL,8138593992883,Gibson,Gibson Nashville Men's Tee
GA-GG-NMT2X,8138594582707,Gibson,Gibson Nashville Men's Tee
GA-GG-TBBXS,8138597073075,Gibson,Gibson Tristar Baseball Tee
GA-GG-TBBSM,8138597204147,Gibson,Gibson Tristar Baseball Tee
GA-GG-TBBMD,8138596942003,Gibson,Gibson Tristar Baseball Tee
GA-GG-TBBLG,8138597040307,Gibson,Gibson Tristar Baseball Tee
GA-GG-TBBXL,8138597007539,Gibson,Gibson Tristar Baseball Tee
GA-GG-TBB2X,8138597138611,Gibson,Gibson Tristar Baseball Tee
GA-BND1,8138603331763,Gibson,Gibson Gibson Bandana
PRDK-030,8138579247283,Gibson,Gibson Backplate Combo
PRPG-020,8138580754611,Gibson,"Gibson Les Paul Custom 5-Ply Pickguard, Black"
PTTP-030,8138582098099,Gibson,Gibson TP-6 Stop Bar/Tailpiece
PTTP-040,8138582130867,Gibson,Gibson TP-6 Stop Bar/Tailpiece
ASSFCASE-BRN,8138652450995,Gibson,"Gibson Premium Softcase, Brown, Les Paul / SG"
ASSFCASE-CRM,8138652287155,Gibson,"Gibson Premium Softcase, Cream, Les Paul / SG"
ASSFCASE-BLK,8138652614835,Gibson,"Gibson Premium Softcase, Black, Les Paul / SG"
ASVS-EMB,8138654744755,Gibson,Gibson The Ember
ASVS-MOS,8138653728947,Gibson,Gibson The Mosaic
ASVS-ORL,8138653892787,Gibson,Gibson The Orange Lily
ASVS-PRM,8138653630643,Gibson,Gibson The Primrose
ASAC-TAN,8138646749363,Gibson,Gibson The Montana
ASWV-BRN,8138644095155,Gibson,Gibson The Western Vintage
ASCL-BRN,8138644947123,Gibson,Gibson The Classic (Brown)
ASBELT-BLK,8138645668019,Gibson,Gibson The Seatbelt (Black)
ASBELT-WHT,8138645602483,Gibson,Gibson The Seatbelt (White)
ASBELT-RED,8138645864627,Gibson,Gibson The Seatbelt (Red)
ASBOLT-BLK,8138645373107,Gibson,Gibson The Lightning Bolt Seatbelt (Black)
ASBOLT-WHT,8138645209267,Gibson,Gibson The Lightning Bolt Seatbelt (White)
ASBOLT-RED,8138645504179,Gibson,Gibson The Lightning Bolt Seatbelt (Red)
ASCNVS-BLK,8138647404723,Gibson,Gibson The Canvas (Black)
ASCNVS-WHT,8138647208115,Gibson,Gibson The Canvas (White)
ASCNVS-GRN,8138647306419,Gibson,Gibson The Canvas (Green)
ASVBLT-BLK,8138642194611,Gibson,Gibson The Vintage Bolt (Black)
ASVBLT-GRY,8138641965235,Gibson,Gibson The Vintage Bolt (Gray)
ASVBLT-TAN,8138641866931,Gibson,Gibson The Vintage Bolt (Tan)
ASTRBDR-BLK,8138642456755,Gibson,Gibson The Troubadour (Black)
ASTRBDR-BRN,8138642325683,Gibson,Gibson The Troubadour (Brown)
ASCL-BLK,8138645078195,Gibson,Gibson The Classic (Black)
GPUB-TC-SLASH-CUS,8167238303923,Gibson,"Gibson The Collection: Slash, Custom Edition"
GPUB-TC-SLASH-DLX,8167238402227,Gibson,"Gibson The Collection: Slash, Deluxe Edition"
GPUB-TC-SLASH-STD,8167238500531,Gibson,"Gibson The Collection: Slash, Standard Edition"
ASVS-BLU,8138654843059,Gibson,Gibson The Prism
GA-TEE-MAEST-RED-SM,8138527015091,Maestro,Maestro Maestro Trumpets Tee (Crimson)
GA-TEE-MAEST-RED-MD,8138526949555,Maestro,Maestro Maestro Trumpets Tee (Crimson)
GA-TEE-MAEST-RED-LG,8138527080627,Maestro,Maestro Maestro Trumpets Tee (Crimson)
GA-TEE-MAEST-RED-XL,8138526818483,Maestro,Maestro Maestro Trumpets Tee (Crimson)
GA-TEE-MAEST-RED-2X,8138527965363,Maestro,Maestro Maestro Trumpets Tee (Crimson)
GA-TEE-MAEST-RED-3X,8138527178931,Maestro,Maestro Maestro Trumpets Tee (Crimson)
GA-TEE-SDWV-BLK-SM,8138525016243,Gibson,Gibson Soundwave Tee
GA-TEE-SDWV-BLK-MD,8138525409459,Gibson,Gibson Soundwave Tee
GA-TEE-SDWV-BLK-LG,8138525245619,Gibson,Gibson Soundwave Tee
GA-TEE-SDWV-BLK-XL,8138524885171,Gibson,Gibson Soundwave Tee
GA-TEE-SDWV-BLK-2X,8138525769907,Gibson,Gibson Soundwave Tee
GA-TEE-SDWV-BLK-3X,8138525507763,Gibson,Gibson Soundwave Tee
GA-TEE-SDWV-WHT-SM,8138524459187,Gibson,Gibson Soundwave Tee (White)
GA-TEE-SDWV-WHT-MD,8138524393651,Gibson,Gibson Soundwave Tee (White)
GA-TEE-SDWV-WHT-LG,8138524524723,Gibson,Gibson Soundwave Tee (White)
GA-TEE-SDWV-WHT-XL,8138527506611,Gibson,Gibson Soundwave Tee (White)
GA-TEE-SDWV-WHT-2X,8138524688563,Gibson,Gibson Soundwave Tee (White)
GA-TEE-SDWV-WHT-3X,8138524590259,Gibson,Gibson Soundwave Tee (White)
GA-TEE-RNBW-BLK-SM,8138526425267,Gibson,Gibson Rainbow Tee
GA-TEE-RNBW-BLK-MD,8138526654643,Gibson,Gibson Rainbow Tee
GA-TEE-RNBW-BLK-LG,8138524754099,Gibson,Gibson Rainbow Tee
GA-TEE-RNBW-BLK-XL,8138526523571,Gibson,Gibson Rainbow Tee
GA-TEE-RNBW-BLK-2X,8138525049011,Gibson,Gibson Rainbow Tee
GA-TEE-RNBW-BLK-3X,8138525180083,Gibson,Gibson Rainbow Tee
GA-TEE-FLRL-BLK-SM,8138529767603,Gibson,Gibson Floral Block Logo Tee (Black)
GA-TEE-FLRL-BLK-MD,8138529669299,Gibson,Gibson Floral Block Logo Tee (Black)
GA-TEE-FLRL-BLK-LG,8138524721331,Gibson,Gibson Floral Block Logo Tee (Black)
GA-TEE-FLRL-BLK-XL,8138529570995,Gibson,Gibson Floral Block Logo Tee (Black)
GA-TEE-FLRL-BLK-2X,8138525081779,Gibson,Gibson Floral Block Logo Tee (Black)
GA-TEE-FLRL-BLK-3X,8138524852403,Gibson,Gibson Floral Block Logo Tee (Black)
GA-TEE-FLRL-BLU-SM,8138529046707,Gibson,Gibson Floral Block Logo Tee
GA-TEE-FLRL-BLU-MD,8138529145011,Gibson,Gibson Floral Block Logo Tee
GA-TEE-FLRL-BLU-LG,8138529341619,Gibson,Gibson Floral Block Logo Tee
GA-TEE-FLRL-BLU-XL,8138528948403,Gibson,Gibson Floral Block Logo Tee
GA-TEE-FLRL-BLU-2X,8138529439923,Gibson,Gibson Floral Block Logo Tee
GA-TEE-FLRL-BLU-3X,8138529243315,Gibson,Gibson Floral Block Logo Tee
GA-LSTEE-FLRL-WHT-SM,8138539499699,Gibson,Gibson Floral Block Logo Long Sleeve Tee (White)
GA-LSTEE-FLRL-WHT-MD,8138533142707,Gibson,Gibson Floral Block Logo Long Sleeve Tee (White)
GA-LSTEE-FLRL-WHT-LG,8138533961907,Gibson,Gibson Floral Block Logo Long Sleeve Tee (White)
GA-LSTEE-FLRL-WHT-XL,8138533077171,Gibson,Gibson Floral Block Logo Long Sleeve Tee (White)
GA-LSTEE-FLRL-WHT-2X,8138534060211,Gibson,Gibson Floral Block Logo Long Sleeve Tee (White)
GA-LSTEE-FLRL-WHT-3X,8138533241011,Gibson,Gibson Floral Block Logo Long Sleeve Tee (White)
GA-TEE-FRETS-ORN-SM,8167240466611,Gibson,Gibson Frets Heard 'Round the World Tee (Orange)
GA-TEE-FRETS-ORN-MD,8167240401075,Gibson,Gibson Frets Heard 'Round the World Tee (Orange)
GA-TEE-FRETS-ORN-LG,8167240302771,Gibson,Gibson Frets Heard 'Round the World Tee (Orange)
GA-TEE-FRETS-ORN-XL,8167240138931,Gibson,Gibson Frets Heard 'Round the World Tee (Orange)
GA-TEE-FRETS-ORN-2X,8167240204467,Gibson,Gibson Frets Heard 'Round the World Tee (Orange)
GA-TEE-FRETS-ORN-3X,8167242596531,Gibson,Gibson Frets Heard 'Round the World Tee (Orange)
GA-TEE-ELEC-BLU-SM,8138525212851,Gibson,Gibson Electronic Development Tee
GA-TEE-ELEC-BLU-MD,8138525376691,Gibson,Gibson Electronic Development Tee
GA-TEE-ELEC-BLU-LG,8138525540531,Gibson,Gibson Electronic Development Tee
GA-TEE-ELEC-BLU-XL,8138524950707,Gibson,Gibson Electronic Development Tee
GA-TEE-ELEC-BLU-2X,8138525671603,Gibson,Gibson Electronic Development Tee
GA-TEE-ELEC-BLU-3X,8138525737139,Gibson,Gibson Electronic Development Tee
GA-TEE-BAND-GRN-SM,8138527998131,Gibson,Gibson The Band Tee (Army Green)
GA-TEE-BAND-GRN-MD,8138527867059,Gibson,Gibson The Band Tee (Army Green)
GA-TEE-BAND-GRN-LG,8138528129203,Gibson,Gibson The Band Tee (Army Green)
GA-TEE-BAND-GRN-XL,8138527768755,Gibson,Gibson The Band Tee (Army Green)
GA-TEE-BAND-GRN-2X,8138528391347,Gibson,Gibson The Band Tee (Army Green)
GA-TEE-BAND-GRN-3X,8138528227507,Gibson,Gibson The Band Tee (Army Green)
GA-GG-TLPXS,8138596679859,Gibson,Gibson Tristar Les Paul Tee
GA-GG-TLPSM,8138595401907,Gibson,Gibson Tristar Les Paul Tee
GA-GG-TLPMD,8138595238067,Gibson,Gibson Tristar Les Paul Tee
GA-GG-TLPLG,8138595532979,Gibson,Gibson Tristar Les Paul Tee
GA-GG-TLPXL,8138596974771,Gibson,Gibson Tristar Les Paul Tee
GA-GG-TLP2X,8138595860659,Gibson,Gibson Tristar Les Paul Tee
GA-LC-STRGXS,8138537074867,Gibson,Gibson Star Logo Tee (Charcoal)
GA-LC-STRGSM,8138537205939,Gibson,Gibson Star Logo Tee (Charcoal)
GA-LC-STRGMD,8138537271475,Gibson,Gibson Star Logo Tee (Charcoal)
GA-LC-STRGLG,8138537533619,Gibson,Gibson Star Logo Tee (Charcoal)
GA-LC-STRGXL,8138536976563,Gibson,Gibson Star Logo Tee (Charcoal)
GA-LC-STRG2X,8138537631923,Gibson,Gibson Star Logo Tee (Charcoal)
GA-LC-STRG3X,8138537402547,Gibson,Gibson Star Logo Tee (Charcoal)
GA-LC-BNRTXS,8167257145523,Gibson,Gibson Banner Tee
GA-LC-BNRTSM,8167257014451,Gibson,Gibson Banner Tee
GA-LC-BNRTMD,8167259799731,Gibson,Gibson Banner Tee
GA-LC-BNRTLG,8167259701427,Gibson,Gibson Banner Tee
GA-LC-BNRTXL,8167257079987,Gibson,Gibson Banner Tee
GA-LC-BNRT2X,8167260061875,Gibson,Gibson Banner Tee
GA-LC-BNRT3X,8167257178291,Gibson,Gibson Banner Tee
GA-LC-WHTTXS,8138534584499,Gibson,Gibson Distressed Gibson Tee (White)
GA-LC-WHTTSM,8138535502003,Gibson,Gibson Distressed Gibson Tee (White)
GA-LC-WHTTMD,8138535567539,Gibson,Gibson Distressed Gibson Tee (White)
GA-LC-WHTTLG,8138535633075,Gibson,Gibson Distressed Gibson Tee (White)
GA-LC-WHTTXL,8138535370931,Gibson,Gibson Distressed Gibson Tee (White)
GA-LC-WHTT2X,8138536059059,Gibson,Gibson Distressed Gibson Tee (White)
GA-LC-WHTT3X,8138535698611,Gibson,Gibson Distressed Gibson Tee (White)
GA-LC-TGLTXS,8138536157363,Gibson,Gibson 'The Gibson' Tee
GA-LC-TGLTSM,8138536616115,Gibson,Gibson 'The Gibson' Tee
GA-LC-TGLTMD,8138536779955,Gibson,Gibson 'The Gibson' Tee
GA-LC-TGLTLG,8138536681651,Gibson,Gibson 'The Gibson' Tee
GA-LC-TGLTXL,8138536485043,Gibson,Gibson 'The Gibson' Tee
GA-LC-TGLT2X,8138536911027,Gibson,Gibson 'The Gibson' Tee
GA-LC-TGLT3X,8138536845491,Gibson,Gibson 'The Gibson' Tee
GA-SC-FEBSXS,8167254818995,Gibson,Gibson Four Explorers Tee
GA-SC-FEBSSM,8167255310515,Gibson,Gibson Four Explorers Tee
GA-SC-FEBSMD,8167255244979,Gibson,Gibson Four Explorers Tee
GA-SC-FEBSLG,8167255015603,Gibson,Gibson Four Explorers Tee
GA-SC-FEBSXL,8167255408819,Gibson,Gibson Four Explorers Tee
GA-SC-FEBS2X,8167255507123,Gibson,Gibson Four Explorers Tee
GA-SC-FEBS3X,8167255605427,Gibson,Gibson Four Explorers Tee
GA-LC-FLRTXS,8138536878259,Gibson,Gibson Floral Tee
GA-LC-FLRTSM,8138537173171,Gibson,Gibson Floral Tee
GA-LC-FLRTMD,8138537042099,Gibson,Gibson Floral Tee
GA-LC-FLRTLG,8138537238707,Gibson,Gibson Floral Tee
GA-LC-FLRTXL,8138536943795,Gibson,Gibson Floral Tee
GA-LC-FLRT2X,8138537337011,Gibson,Gibson Floral Tee
GA-LC-FLRT3X,8138537468083,Gibson,Gibson Floral Tee
GA-LC-SDWTXS,8138537762995,Gibson,Gibson Soundwave Tee
GA-LC-SDWTSM,8138537894067,Gibson,Gibson Soundwave Tee
GA-LC-SDWTMD,8138541498547,Gibson,Gibson Soundwave Tee
GA-LC-SDWTLG,8138541629619,Gibson,Gibson Soundwave Tee
GA-LC-SDWTXL,8138538025139,Gibson,Gibson Soundwave Tee
GA-LC-SDWT2X,8138541727923,Gibson,Gibson Soundwave Tee
GA-LC-SDWT3X,8138541858995,Gibson,Gibson Soundwave Tee
GA-SC-ESBSXS,8167256096947,Gibson,Gibson 335 Tee
GA-SC-ESBSSM,8167256490163,Gibson,Gibson 335 Tee
GA-SC-ESBSMD,8167256424627,Gibson,Gibson 335 Tee
GA-SC-ESBSLG,8167256391859,Gibson,Gibson 335 Tee
GA-SC-ESBSXL,8167255998643,Gibson,Gibson 335 Tee
GA-SC-ESBS2X,8167256654003,Gibson,Gibson 335 Tee
GA-SC-ESBS3X,8167256752307,Gibson,Gibson 335 Tee
GA-BLKTSM,8138603659443,Gibson,Gibson Gibson Logo Shirt
GA-BLKTMD,8138606739635,Gibson,Gibson Gibson Logo Shirt
GA-BLKTLG,8138606837939,Gibson,Gibson Gibson Logo Shirt
GA-BLKTXL,8138603757747,Gibson,Gibson Gibson Logo Shirt
GA-BLKTXXL,8138603528371,Gibson,Gibson Gibson Logo Shirt
GA-SC-HBBSXS,8138532192435,Gibson,Gibson Hummingbird Tee
GA-SC-HBBSSM,8138532257971,Gibson,Gibson Hummingbird Tee
GA-SC-HBBSMD,8138532290739,Gibson,Gibson Hummingbird Tee
GA-SC-HBBSLG,8138532323507,Gibson,Gibson Hummingbird Tee
GA-SC-HBBSXL,8138532225203,Gibson,Gibson Hummingbird Tee
GA-SC-HBBS2X,8138532421811,Gibson,Gibson Hummingbird Tee
GA-SC-HBBS3X,8138532356275,Gibson,Gibson Hummingbird Tee
GA-LC-LPSTXS,8138541957299,Gibson,Gibson Les Paul Signature Tee
GA-LC-LPSTSM,8138542055603,Gibson,Gibson Les Paul Signature Tee
GA-LC-LPSTMD,8138542481587,Gibson,Gibson Les Paul Signature Tee
GA-LC-LPSTLG,8138542317747,Gibson,Gibson Les Paul Signature Tee
GA-LC-LPSTXL,8138542219443,Gibson,Gibson Les Paul Signature Tee
GA-LC-LPST2X,8138542547123,Gibson,Gibson Les Paul Signature Tee
GA-LC-LPST3X,8138542678195,Gibson,Gibson Les Paul Signature Tee
GA-SC-LPBSXS,8138533306547,Gibson,Gibson Les Paul Tee
GA-SC-LPBSSM,8138533732531,Gibson,Gibson Les Paul Tee
GA-SC-LPBSMD,8138533634227,Gibson,Gibson Les Paul Tee
GA-SC-LPBSLG,8138533830835,Gibson,Gibson Les Paul Tee
GA-SC-LPBSXL,8138533535923,Gibson,Gibson Les Paul Tee
GA-SC-LPBS2X,8138533929139,Gibson,Gibson Les Paul Tee
GA-SC-LPBS3X,8138534092979,Gibson,Gibson Les Paul Tee
GA-SC-SGBSXS,8138532847795,Gibson,Gibson SG Tee
GA-SC-SGBSSM,8138532913331,Gibson,Gibson SG Tee
GA-SC-SGBSMD,8138533011635,Gibson,Gibson SG Tee
GA-SC-SGBSLG,8138533109939,Gibson,Gibson SG Tee
GA-SC-SGBSXL,8138532946099,Gibson,Gibson SG Tee
GA-SC-SGBS2X,8138533437619,Gibson,Gibson SG Tee
GA-SC-SGBS3X,8138533208243,Gibson,Gibson SG Tee
GA-SC-EXBSXS,8167255441587,Gibson,Gibson Explorer Tee
GA-SC-EXBSSM,8167255179443,Gibson,Gibson Explorer Tee
GA-SC-EXBSMD,8167255900339,Gibson,Gibson Explorer Tee
GA-SC-EXBSLG,8167255769267,Gibson,Gibson Explorer Tee
GA-SC-EXBSXL,8167255343283,Gibson,Gibson Explorer Tee
GA-SC-EXBS2X,8167256326323,Gibson,Gibson Explorer Tee
GA-SC-EXBS3X,8167255638195,Gibson,Gibson Explorer Tee
GA-AJ-1979T-SM,8138622173363,Gibson,Gibson Adam Jones 1979 Tee (Gray)
GA-AJ-1979T-MD,8138622271667,Gibson,Gibson Adam Jones 1979 Tee (Gray)
GA-AJ-1979T-LG,8138622402739,Gibson,Gibson Adam Jones 1979 Tee (Gray)
GA-AJ-1979T-XL,8138621976755,Gibson,Gibson Adam Jones 1979 Tee (Gray)
GA-AJ-1979T-2X,8138622795955,Gibson,Gibson Adam Jones 1979 Tee (Gray)
GA-AJ-1979T-3X,8138622533811,Gibson,Gibson Adam Jones 1979 Tee (Gray)
GA-SLSH-SKLTW-BLK-SM,8138531176627,Gibson,Gibson Slash 'Skully' Tee (Black)
GA-SLSH-SKLTW-BLK-MD,8138531406003,Gibson,Gibson Slash 'Skully' Tee (Black)
GA-SLSH-SKLTW-BLK-LG,8138531504307,Gibson,Gibson Slash 'Skully' Tee (Black)
GA-SLSH-SKLTW-BLK-XL,8138531307699,Gibson,Gibson Slash 'Skully' Tee (Black)
GA-SLSH-SKLTW-BLK-2X,8138531569843,Gibson,Gibson Slash 'Skully' Tee (Black)
GA-SLSH-SKLTW-BLK-3X,8138531635379,Gibson,Gibson Slash 'Skully' Tee (Black)
GA-SLSH-BLOCK-BLK-SM,8138531668147,Gibson,Gibson Slash Block Tee (Black)
GA-SLSH-BLOCK-BLK-MD,8138531733683,Gibson,Gibson Slash Block Tee (Black)
GA-SLSH-BLOCK-BLK-LG,8138531831987,Gibson,Gibson Slash Block Tee (Black)
GA-SLSH-BLOCK-BLK-XL,8138531602611,Gibson,Gibson Slash Block Tee (Black)
GA-SLSH-BLOCK-BLK-2X,8138531864755,Gibson,Gibson Slash Block Tee (Black)
GA-SLSH-BLOCK-BLK-3X,8138531799219,Gibson,Gibson Slash Block Tee (Black)
GA-SLSH-BLOCK-WHT-SM,8138531045555,Gibson,Gibson Slash Block Tee (White)
GA-SLSH-BLOCK-WHT-MD,8138531143859,Gibson,Gibson Slash Block Tee (White)
GA-SLSH-BLOCK-WHT-LG,8138531242163,Gibson,Gibson Slash Block Tee (White)
GA-SLSH-BLOCK-WHT-XL,8138530914483,Gibson,Gibson Slash Block Tee (White)
GA-SLSH-BLOCK-WHT-2X,8138531537075,Gibson,Gibson Slash Block Tee (White)
GA-SLSH-BLOCK-WHT-3X,8138531340467,Gibson,Gibson Slash Block Tee (White)
GA-WWR-WHTBBTEE-SM,8138523377843,Gibson,Women Who Rock x Gibson Baseball Tee (White)
GA-WWR-WHTBBTEE-MD,8138523410611,Gibson,Women Who Rock x Gibson Baseball Tee (White)
GA-WWR-WHTBBTEE-LG,8138523476147,Gibson,Women Who Rock x Gibson Baseball Tee (White)
GA-WWR-WHTBBTEE-XL,8138523345075,Gibson,Women Who Rock x Gibson Baseball Tee (White)
GA-WWR-WHTBBTEE-2X,8138523443379,Gibson,Women Who Rock x Gibson Baseball Tee (White)
GA-WWR-GRYTEE-SM,8138523541683,Gibson,Women Who Rock x Gibson Tee (Gray)
GA-WWR-GRYTEE-MD,8138523574451,Gibson,Women Who Rock x Gibson Tee (Gray)
GA-WWR-GRYTEE-LG,8138523607219,Gibson,Women Who Rock x Gibson Tee (Gray)
GA-WWR-GRYTEE-XL,8138523508915,Gibson,Women Who Rock x Gibson Tee (Gray)
GA-WWR-GRYTEE-2X,8138523639987,Gibson,Women Who Rock x Gibson Tee (Gray)
GA-GG-THDXS,8138595926195,Gibson,Gibson Tristar Pullover Hoodie
GA-GG-THDSM,8138596155571,Gibson,Gibson Tristar Pullover Hoodie
GA-GG-THDMD,8138596221107,Gibson,Gibson Tristar Pullover Hoodie
GA-GG-THDLG,8138596450483,Gibson,Gibson Tristar Pullover Hoodie
GA-GG-THDXL,8138596057267,Gibson,Gibson Tristar Pullover Hoodie
GA-GG-THD2X,8138596352179,Gibson,Gibson Tristar Pullover Hoodie
GA-GG-LPCXS,8138595074227,Gibson,Gibson Les Paul Crewneck
GA-GG-LPCSM,8138595172531,Gibson,Gibson Les Paul Crewneck
GA-GG-LPCMD,8138595336371,Gibson,Gibson Les Paul Crewneck
GA-GG-LPCLG,8138595500211,Gibson,Gibson Les Paul Crewneck
GA-GG-LPCXL,8138594943155,Gibson,Gibson Les Paul Crewneck
GA-GG-LPC2X,8138595631283,Gibson,Gibson Les Paul Crewneck
GA-SLSH-SKLFZ-BLK-SM,8138530259123,Gibson,Gibson Slash 'Skully' Pullover Hoodie
GA-SLSH-SKLFZ-BLK-MD,8138530357427,Gibson,Gibson Slash 'Skully' Pullover Hoodie
GA-SLSH-SKLFZ-BLK-LG,8138530521267,Gibson,Gibson Slash 'Skully' Pullover Hoodie
GA-SLSH-SKLFZ-BLK-XL,8138531766451,Gibson,Gibson Slash 'Skully' Pullover Hoodie
GA-SLSH-SKLFZ-BLK-2X,8138530619571,Gibson,Gibson Slash 'Skully' Pullover Hoodie
GA-SLSH-SKLFZ-BLK-3X,8138530717875,Gibson,Gibson Slash 'Skully' Pullover Hoodie
GA-GG-GOLDHOODSM,8138547691699,Gibson,Gibson Gibson Custom Gold Star Hoodie
GA-GG-GOLDHOODMD,8138547757235,Gibson,Gibson Gibson Custom Gold Star Hoodie
GA-GG-GOLDHOODLG,8138547822771,Gibson,Gibson Gibson Custom Gold Star Hoodie
GA-GG-GOLDHOODXL,8138607329459,Gibson,Gibson Gibson Custom Gold Star Hoodie
GA-GG-GOLDHOOD2X,8138547953843,Gibson,Gibson Gibson Custom Gold Star Hoodie
GA-GG-GOLDHOOD3X,8138547888307,Gibson,Gibson Gibson Custom Gold Star Hoodie
GA-LC-HDPOLGXS,8138542579891,Gibson,Gibson Gibson Hoodie (Black)
GA-LC-HDPOLGSM,8138543005875,Gibson,Gibson Gibson Hoodie (Black)
GA-LC-HDPOLGMD,8138542907571,Gibson,Gibson Gibson Hoodie (Black)
GA-LC-HDPOLGLG,8138543104179,Gibson,Gibson Gibson Hoodie (Black)
GA-LC-HDPOLGXL,8138542743731,Gibson,Gibson Gibson Hoodie (Black)
GA-LC-HDPOLG2X,8138543366323,Gibson,Gibson Gibson Hoodie (Black)
GA-LC-HDPOLG3X,8138543202483,Gibson,Gibson Gibson Hoodie (Black)
GA-SC-HDPOLPXS,8167254294707,Gibson,Gibson Les Paul Hoodie
GA-SC-HDPOLPSM,8138534355123,Gibson,Gibson Les Paul Hoodie
GA-SC-HDPOLPMD,8138534453427,Gibson,Gibson Les Paul Hoodie
GA-SC-HDPOLPLG,8138534551731,Gibson,Gibson Les Paul Hoodie
GA-SC-HDPOLPXL,8138534224051,Gibson,Gibson Les Paul Hoodie
GA-SC-HDPOLP2X,8138531963059,Gibson,Gibson Les Paul Hoodie
GA-SC-HDPOLP3X,8167254163635,Gibson,Gibson Les Paul Hoodie
GA-WWR-WHTCREW-SM,8138523181235,Gibson,Women Who Rock x Gibson Crewneck Sweatshirt (White)
GA-WWR-WHTCREW-MD,8138523246771,Gibson,Women Who Rock x Gibson Crewneck Sweatshirt (White)
GA-WWR-WHTCREW-LG,8138523279539,Gibson,Women Who Rock x Gibson Crewneck Sweatshirt (White)
GA-WWR-WHTCREW-XL,8138523214003,Gibson,Women Who Rock x Gibson Crewneck Sweatshirt (White)
GA-WWR-WHTCREW-2X,8138523312307,Gibson,Women Who Rock x Gibson Crewneck Sweatshirt (White)
GA-SLSH-TRHTB,8138530980019,Gibson,"Gibson Slash 'Skully' Trucker Hat, All-Black"
GA-SLSH-BBHT,8138531897523,Gibson,Gibson Slash 'Skully' Baseball Hat
GA-SLSH-TRHTG,8138530881715,Gibson,"Gibson Slash 'Skully' Trucker Hat, Black & Green "
GA-EB-TEE-CR-SM,#VALUE!,Gibson,Gibson x Everly Brothers Tee (Cream)
GA-EB-TEE-CRM-MD,8138597859507,Gibson,Gibson x Everly Brothers Tee (Cream)
GA-EB-TEE-CRM-LG,8138598285491,Gibson,Gibson x Everly Brothers Tee (Cream)
GA-EB-TEE-CRM-XL,8138597662899,Gibson,Gibson x Everly Brothers Tee (Cream)
GA-EB-TEE-CRM-2X,8138598187187,Gibson,Gibson x Everly Brothers Tee (Cream)
GA-EB-HOOD-BLK-SM,8138599399603,Gibson,Gibson x Everly Brothers Fullzip Hoodie
GA-EB-HOOD-BLK-MD,8138599661747,Gibson,Gibson x Everly Brothers Fullzip Hoodie
GA-EB-HOOD-BLK-LG,8138601136307,Gibson,Gibson x Everly Brothers Fullzip Hoodie
GA-EB-HOOD-BLK-XL,8138599530675,Gibson,Gibson x Everly Brothers Fullzip Hoodie
GA-EB-HOOD-BLK-2X,8138601300147,Gibson,Gibson x Everly Brothers Fullzip Hoodie
GA-EB-TEE-BLK-SM,8138598514867,Gibson,Gibson x Everly Brothers Tee (Vintage Black)
GA-EB-TEE-BLK-MD,8138598744243,Gibson,Gibson x Everly Brothers Tee (Vintage Black)
GA-EB-TEE-BLK-LG,8138598645939,Gibson,Gibson x Everly Brothers Tee (Vintage Black)
GA-EB-TEE-BLK-XL,8138598416563,Gibson,Gibson x Everly Brothers Tee (Vintage Black)
GA-EB-TEE-BLK-2X,8138598809779,Gibson,Gibson x Everly Brothers Tee (Vintage Black)
GA-WWR-BLKTRK,8138523705523,Gibson,Women Who Rock x Gibson Mesh Trucker Hat
GA-WWR-BLKFOAM,8138523836595,Gibson,Women Who Rock x Gibson Foam Trucker Hat
GA-GG-GRYBEANIE,8138607231155,Gibson,Gibson Gibson Cuffed Beanie (Black)
GA-GG-BLUEBEANIE,8138548379827,Gibson,Gibson Gibson Cuffed Beanie (Navy)
GA-GG-RTH,8138597400755,Gibson,Gibson Gibson USA Rope Trucker
GA-GG-USH,8138595270835,Gibson,Gibson Gibson USA Snapback
GA-GG-TTH,8138596483251,Gibson,Gibson Gibson Tristar Trucker
GA-GG-LPBLKHAT,8138595795123,Gibson,Gibson Gibson Les Paul Rope Hat
GA-GRYC,8138594517171,Gibson,Gibson Charcoal Trucker Snapback
GA-STRG,8138529374387,Gibson,Gibson Gold String Premium Trucker Snapback
GA-BSDC,8138602479795,Gibson,Gibson Split Diamond Hat
GA-DNMC,8138601562291,Gibson,Gibson Faded Denim Hat
G-BEANIE2,8138522099891,Gibson,Gibson Charcoal Logo Beanie
GG-221AH,8100451451059,AXE HEAVEN,AXE HEAVEN SG Standard Mini Guitar Model
GG-122AH,8100451975347,AXE HEAVEN,AXE HEAVEN Les Paul Tobacco Burst Mini Guitar Model
GG-322AH,8100443324595,AXE HEAVEN,AXE HEAVEN ES-335 Vintage Sunburst Mini Guitar Model
GG-224AH,8100445520051,AXE HEAVEN,AXE HEAVEN EDS-1275 Alpine White Mini Guitar Model
PBBR-030,8138576724147,Gibson,Gibson Nashville Tune-o-matic Bridge
PBBR-040,8138576855219,Gibson,Gibson Nashville Tune-o-matic Bridge
PBBR-045,8138574987443,Gibson,Gibson Nashville Tune-o-matic Bridge
PTTP-070,8138582261939,Gibson,Gibson Lightning Bar Wraparound Compensating Bridge
PBBR-059,8138575085747,Gibson,Gibson Historic Non-Wire ABR-1 Bridge
PBBR-065,8138575151283,Gibson,Gibson Historic Non-Wire ABR-1 Bridge
PRWA-010,8138582065331,Gibson,Gibson Toggle Switch Washer
PRWA-020,8138582163635,Gibson,Gibson Toggle Switch Washer
PRWA-030,8138582229171,Gibson,Gibson Toggle Switch Washer
PRTR-010,8138581770419,Gibson,Gibson Truss Rod Cover Blank
PRTK-059,8167259078835,Gibson,Gibson Historic Toggle Switch Caps
PRTR-020,8138581835955,Gibson,Gibson Truss Rod Cover Les Paul Custom
PRKP-059,8138579738803,Gibson,Gibson Historic Knob Pointers
PRKP-060,8138579771571,Gibson,Gibson Historic Knob Pointers
PRJP-020,8138579574963,Gibson,Gibson Metal Jack Plates
PRJP-040,8138579640499,Gibson,Gibson Metal Jack Plates
PRJP-010,8138579542195,Gibson,Gibson Plastic Jack Plates
PRJP-030,8138579607731,Gibson,Gibson Plastic Jack Plates
PRJP-050,8138579673267,Gibson,Gibson Explorer Jack Plate
PRPG-030,8138580787379,Gibson,"Gibson Les Paul Standard Pickguard, Creme"
PRPG-050,8138580820147,Gibson,"Gibson '59 Les Paul Historic Pickguard, Creme"
PRPG-060,8138580852915,Gibson,"Gibson '56 Les Paul Historic P-90 Pickguard, Creme"
PRPB-010,8138580558003,Gibson,Gibson Pickguard Mounting Bracket
PRPB-020,8138580623539,Gibson,Gibson Pickguard Mounting Bracket
PRPB-030,8138580066483,Gibson,Gibson Pickguard Mounting Bracket
PPAT-500,8138572988595,Gibson,Gibson 500k Ohm Audio Taper Potentiometer
PPAT-510,8138573054131,Gibson,Gibson 500k Ohm Audio Taper Potentiometer
PPAT-520,8138573185203,Gibson,Gibson 500k Ohm Audio Taper Potentiometer
PPAT-059,8138572857523,Gibson,Gibson Historic Potentiometer
PREP-010,8138579280051,Gibson,Gibson Strap Buttons (2 pcs.)
PREP-020,8138579345587,Gibson,Gibson Strap Buttons (2 pcs.)
PSTS-020,8138582393011,Gibson,Gibson Straight Type Switch
PSTS-010,8138582327475,Gibson,Gibson L-Type Toggle Switch with Creme Cap
PTTP-015,8138582524083,Gibson,Gibson Stopbar Tailpiece
PTTP-010,8138582458547,Gibson,Gibson Stopbar Tailpiece
PTTP-020,8138582589619,Gibson,Gibson Stopbar Tailpiece
CAB20-GRY,8138640949427,Gibson,Gibson Vintage Original Instrument Cable (20 ft.)
CAB10-GRY,8138641014963,Gibson,Gibson Vintage Original Instrument Cable (10 ft.)
ACAP-SD,8138652123315,Gibson,Gibson Split Diamond Inlay Capo
ACAP-SP,8138651402419,Gibson,Gibson Split Parallelogram Inlay Capo
ACAP-LB,8138652352691,Gibson,Gibson Large Block Inlay Capo
ASPGIG-DES,8112787488947,Gibson,"Gibson Premium Gig Bag, Designer"
ASPGIG-SJ,8138648027315,Gibson,"Gibson Premium Gig Bag, SJ-200"
ASPRCASE-LP,8138653270195,Gibson,"Gibson Deluxe Protector Case, Les Paul"
ASPRCASE-SG,8138653171891,Gibson,"Gibson Deluxe Protector Case, SG"
ATTK-01,8138643570867,Gibson,Gibson Mobile Tech Toolkit
AIGG-950,8138649698483,Gibson,Gibson Guitar Polish + Cloth Combo
G-CAREKIT1,8138521968819,Gibson,Gibson Guitar Care Kit
ATMT-01,8138643964083,Gibson,Gibson Multi-Tool
ASTD-MG,8138642882739,Gibson,"Gibson Handcrafted Wooden Guitar Stand, Mahogany"
ASTD-WN,8138642587827,Gibson,"Gibson Handcrafted Wooden Guitar Stand, Walnut"
GA-TUNER,8138524295347,Gibson,Gibson Gibson Headstock Tuner
SBG5-LSL,8138586816691,Gibson,"Gibson Brite Wire Electric Bass Strings, Long Scale (5-String)"
SBG-SSL,8138587701427,Gibson,"Gibson Brite Wire Electric Bass Strings, Short Scale"
SBG-SSM,8138587799731,Gibson,"Gibson Brite Wire Electric Bass Strings, Short Scale"
SBG-LSUL,8138587570355,Gibson,"Gibson Brite Wire Electric Bass Strings, Long Scale"
SBG-LSL,8138587308211,Gibson,"Gibson Brite Wire Electric Bass Strings, Long Scale"
SBG-LSM,8138587439283,Gibson,"Gibson Brite Wire Electric Bass Strings, Long Scale"
SBG-FWSSL,8138587078835,Gibson,"Gibson Flatwound Electric Bass Strings, Short Scale"
SBG-FWSSM,8138587209907,Gibson,"Gibson Flatwound Electric Bass Strings, Short Scale"
SBG-FWLS,8138586914995,Gibson,"Gibson Flatwound Electric Bass Strings, Long Scale"
SBG-FWLS12,8138587013299,Gibson,"Gibson Flatwound Electric Bass Strings, Long Scale"
940-XCGIG,8138650845363,Epiphone,Epiphone Gig Bag Classical 4/4-Size
ST-96367,8167257571507,Steinberger,Steinberger GT/GL/GP Series Gig Bag
940-EPR5,8138650812595,Epiphone,Epiphone PR-5E Hard Case
940-E339HG,8138649469107,Epiphone,Epiphone Casino Coupe/ES-339 EpiLite Case
940-EXPHG,8167257997491,Epiphone,Epiphone Explorer EpiLite Case
940-SSTHG,8167257735347,Epiphone,Epiphone SST / CEC EpiLite Case
940-EGHG,8167258194099,Epiphone,"Epiphone SG, Wilshire, Coronet, Crestwood EpiLite™ Case"
940-E519HG,8167258063027,Epiphone,Epiphone Casino/ES-335 EpiLite Case
940-ENLPHG,8138651074739,Epiphone,Epiphone Les Paul EpiLite Case
AEST-SBLK,8138650222771,Epiphone,"Epiphone Epiphone Seatbelt Guitar Strap, Black"
GA-MFZTXS,8138538451123,Maestro,Maestro Maestro Fuzz-Tone Tee
GA-MFZTSM,8138538844339,Maestro,Maestro Maestro Fuzz-Tone Tee
GA-MFZTMD,8138538647731,Maestro,Maestro Maestro Fuzz-Tone Tee
GA-MFZTLG,8138538942643,Maestro,Maestro Maestro Fuzz-Tone Tee
GA-MFZTXL,8138538582195,Maestro,Maestro Maestro Fuzz-Tone Tee
GA-MFZT2X,8138539073715,Maestro,Maestro Maestro Fuzz-Tone Tee
GA-MFZT3X,8138538975411,Maestro,Maestro Maestro Fuzz-Tone Tee
N/A,#VALUE!,Maestro,Maestro Maestro FuzzTone Tee (Charcoal)
N/A,#VALUE!,Maestro,Maestro Maestro FuzzTone Tee (Charcoal)
N/A,#VALUE!,Maestro,Maestro Maestro FuzzTone Tee (Charcoal)
N/A,#VALUE!,Maestro,Maestro Maestro FuzzTone Tee (Charcoal)
N/A,#VALUE!,Maestro,Maestro Maestro FuzzTone Tee (Charcoal)
N/A,#VALUE!,Maestro,Maestro Maestro FuzzTone Tee (Charcoal)
N/A,#VALUE!,Maestro,Maestro Maestro FuzzTone Tee (Charcoal)
GA-MLTXS,8138537500851,Maestro,Maestro Maestro Logo Tee (Black)
GA-MLTSM,8138537861299,Maestro,Maestro Maestro Logo Tee (Black)
GA-MLTMD,8138537730227,Maestro,Maestro Maestro Logo Tee (Black)
GA-MLTLG,8138538352819,Maestro,Maestro Maestro Logo Tee (Black)
GA-MLTXL,8138537599155,Maestro,Maestro Maestro Logo Tee (Black)
GA-MLT2X,8138538516659,Maestro,Maestro Maestro Logo Tee (Black)
GA-MLT3X,8138538418355,Maestro,Maestro Maestro Logo Tee (Black)
GA-ETOLTXS,8138604642483,Epiphone,Epiphone Epiphone Tree of Life Tee (Green)
GA-ETOLTSM,8138604871859,Epiphone,Epiphone Epiphone Tree of Life Tee (Green)
GA-ETOLTMD,8167249215667,Epiphone,Epiphone Epiphone Tree of Life Tee (Green)
GA-ETOLTLG,8138605002931,Epiphone,Epiphone Epiphone Tree of Life Tee (Green)
GA-ETOLTXL,8138604773555,Epiphone,Epiphone Epiphone Tree of Life Tee (Green)
GA-ETOLT2X,8138605265075,Epiphone,Epiphone Epiphone Tree of Life Tee (Green)
GA-ETOLT3X,8138605166771,Epiphone,Epiphone Epiphone Tree of Life Tee (Green)
GA-EHDVLXS,8138605396147,Epiphone,Epiphone Epiphone Vintage Logo Pullover Hoodie (Black)
GA-EHDVLSM,8138597171379,Epiphone,Epiphone Epiphone Vintage Logo Pullover Hoodie (Black)
GA-EHDVLMD,8138605658291,Epiphone,Epiphone Epiphone Vintage Logo Pullover Hoodie (Black)
GA-EHDVLLG,8138597367987,Epiphone,Epiphone Epiphone Vintage Logo Pullover Hoodie (Black)
GA-EHDVLXL,8138605494451,Epiphone,Epiphone Epiphone Vintage Logo Pullover Hoodie (Black)
GA-EHDVL2X,8138597499059,Epiphone,Epiphone Epiphone Vintage Logo Pullover Hoodie (Black)
GA-EHDVL3X,8138597269683,Epiphone,Epiphone Epiphone Vintage Logo Pullover Hoodie (Black)
GA-EHDFZXS,8167249084595,Epiphone,Epiphone Epiphone Fullzip Hoodie (Black)
GA-EHDFZSM,8167249608883,Epiphone,Epiphone Epiphone Fullzip Hoodie (Black)
GA-EHDFZMD,8167249477811,Epiphone,Epiphone Epiphone Fullzip Hoodie (Black)
GA-EHDFZLG,8167250198707,Epiphone,Epiphone Epiphone Fullzip Hoodie (Black)
GA-EHDFZXL,8167250264243,Epiphone,Epiphone Epiphone Fullzip Hoodie (Black)
GA-EHDFZ2X,8167248920755,Epiphone,Epiphone Epiphone Fullzip Hoodie (Black)
GA-EHDFZ3X,8167250034867,Epiphone,Epiphone Epiphone Fullzip Hoodie (Black)
GA-EFBLKTXS,8138598351027,Epiphone,Epiphone Epiphone Frontier Tee (Black)
GA-EFBLKTSM,8138598613171,Epiphone,Epiphone Epiphone Frontier Tee (Black)
GA-EFBLKTMD,8138598678707,Epiphone,Epiphone Epiphone Frontier Tee (Black)
GA-EFBLKTLG,8138598875315,Epiphone,Epiphone Epiphone Frontier Tee (Black)
GA-EFBLKTXL,8138598482099,Epiphone,Epiphone Epiphone Frontier Tee (Black)
GA-EFBLKT2X,8138598973619,Epiphone,Epiphone Epiphone Frontier Tee (Black)
GA-EFBLKT3X,8138598777011,Epiphone,Epiphone Epiphone Frontier Tee (Black)
GA-ELCTXS,8167250526387,Epiphone,Epiphone Epiphone Electar Tee (Black)
GA-ELCTSM,8167250362547,Epiphone,Epiphone Epiphone Electar Tee (Black)
GA-ELCTMD,8167250297011,Epiphone,Epiphone Epiphone Electar Tee (Black)
GA-ELCTLG,8167250231475,Epiphone,Epiphone Epiphone Electar Tee (Black)
GA-ELCTXL,8167250165939,Epiphone,Epiphone Epiphone Electar Tee (Black)
GA-ELCT2X,8167249871027,Epiphone,Epiphone Epiphone Electar Tee (Black)
GA-ELCT3X,8167250002099,Epiphone,Epiphone Epiphone Electar Tee (Black)
GA-EVLTXS,8138600382643,Epiphone,Epiphone Epiphone Vintage Logo Tee (Black)
GA-EVLTSM,8138601463987,Epiphone,Epiphone Epiphone Vintage Logo Tee (Black)
GA-EVLTMD,8138601267379,Epiphone,Epiphone Epiphone Vintage Logo Tee (Black)
GA-EVLTLG,8138603430067,Epiphone,Epiphone Epiphone Vintage Logo Tee (Black)
GA-EVLTXL,8138601103539,Epiphone,Epiphone Epiphone Vintage Logo Tee (Black)
GA-EVLT2X,8138603724979,Epiphone,Epiphone Epiphone Vintage Logo Tee (Black)
GA-EVLT3X,8138603561139,Epiphone,Epiphone Epiphone Vintage Logo Tee (Black)
GA-EVBTXS,8138603626675,Epiphone,Epiphone Epiphone Vintage Badge Tee (Black)
GA-EVBTSM,8138603921587,Epiphone,Epiphone Epiphone Vintage Badge Tee (Black)
GA-EVBTMD,8138603987123,Epiphone,Epiphone Epiphone Vintage Badge Tee (Black)
GA-EVBTLG,8138604150963,Epiphone,Epiphone Epiphone Vintage Badge Tee (Black)
GA-EVBTXL,8138603823283,Epiphone,Epiphone Epiphone Vintage Badge Tee (Black)
GA-EVBT2X,8138604314803,Epiphone,Epiphone Epiphone Vintage Badge Tee (Black)
GA-EVBT3X,8138604478643,Epiphone,Epiphone Epiphone Vintage Badge Tee (Black)
GA-EFRDTXS,8138597597363,Epiphone,Epiphone Epiphone Frontier Tee (Red)
GA-EFRDTSM,8138597793971,Epiphone,Epiphone Epiphone Frontier Tee (Red)
GA-EFRDTMD,8138597892275,Epiphone,Epiphone Epiphone Frontier Tee (Red)
GA-EFRDTLG,8138597957811,Epiphone,Epiphone Epiphone Frontier Tee (Red)
GA-EFRDTXL,8138597695667,Epiphone,Epiphone Epiphone Frontier Tee (Red)
GA-EFRDT2X,8138598088883,Epiphone,Epiphone Epiphone Frontier Tee (Red)
GA-EFRDT3X,8138598219955,Epiphone,Epiphone Epiphone Frontier Tee (Red)
GA-EBGMSM,8167263699123,Epiphone,Epiphone Epiphone Badge T
GA-EBGMMD,8167263535283,Epiphone,Epiphone Epiphone Badge T
GA-EBGMLG,8167263273139,Epiphone,Epiphone Epiphone Badge T
GA-EBGMXL,8167262683315,Epiphone,Epiphone Epiphone Badge T
GA-EBGMXXL,8167262814387,Epiphone,Epiphone Epiphone Badge T
GA-ECBWSM,8167262224563,Epiphone,Epiphone Epiphone Women's V-Neck T
GA-ECBWMD,8167261995187,Epiphone,Epiphone Epiphone Women's V-Neck T
GA-ECBWLG,8167263174835,Epiphone,Epiphone Epiphone Women's V-Neck T
GA-ECBWXL,8167262552243,Epiphone,Epiphone Epiphone Women's V-Neck T
GA-ECBWXXL,8167261372595,Epiphone,Epiphone Epiphone Women's V-Neck T
GA-ECBMSM,8138597433523,Epiphone,Epiphone Epiphone Logo T (Black)
GA-ECBMMD,8138597564595,Epiphone,Epiphone Epiphone Logo T (Black)
GA-ECBMLG,8138597761203,Epiphone,Epiphone Epiphone Logo T (Black)
GA-ECBMXL,8138599268531,Epiphone,Epiphone Epiphone Logo T (Black)
GA-ECBMXXL,8138599104691,Epiphone,Epiphone Epiphone Logo T (Black)
GA-ECRMSM,8167260881075,Epiphone,Epiphone Epiphone Logo T (Red)
GA-ECRMMD,8167261831347,Epiphone,Epiphone Epiphone Logo T (Red)
GA-ECRMLG,8167261503667,Epiphone,Epiphone Epiphone Logo T (Red)
GA-ECRMXL,8167261044915,Epiphone,Epiphone Epiphone Logo T (Red)
GA-ECRMXXL,8167260389555,Epiphone,Epiphone Epiphone Logo T (Red)
GE-BLKC,8138514923699,Epiphone,Epiphone Epiphone Pickholder Hat
PEEP-030,8167259963571,Epiphone,Epiphone Epiphone Strap Locks
940-KPGIGVOY,8167255867571,Kramer,Kramer Kramer Premium Gig Bag Voyager
940-KRDIGIG,8167261798579,Kramer,Kramer D-1 Bass and Guitar Gig bag
940-KPGIGADE,8167255736499,Kramer,Kramer Kramer Premium Gig Bag Assault Guitar/D-1 Bass
940-KPGIGVAN,8167255933107,Kramer,Kramer Kramer Premium Gig Bag Vanguard
940-KPGIGBAR,8138651926707,Kramer,Kramer Kramer Premium Gig Bag S-Style
940-KRVGCS,8138651533491,Kramer,Kramer Kramer Vanguard Hard Shell Case
940-KRSTCS,8138651730099,Kramer,Kramer Hard Case Kramer Striker/Pacer/SM-1/84
940-KRD1CS,8138651828403,Kramer,Kramer D-1 Bass Case
GA-KHDCMOXS,8138541334707,Kramer,Kramer Kramer Camo Fullzip Hoodie (Black)
GA-KHDCMOSM,8138541400243,Kramer,Kramer Kramer Camo Fullzip Hoodie (Black)
GA-KHDCMOMD,8138541662387,Kramer,Kramer Kramer Camo Fullzip Hoodie (Black)
GA-KHDCMOLG,8138541564083,Kramer,Kramer Kramer Camo Fullzip Hoodie (Black)
GA-KHDCMOXL,8138541465779,Kramer,Kramer Kramer Camo Fullzip Hoodie (Black)
GA-KHDCMO2X,8138541826227,Kramer,Kramer Kramer Camo Fullzip Hoodie (Black)
GA-KHDCMO3X,8138541760691,Kramer,Kramer Kramer Camo Fullzip Hoodie (Black)
GA-KHDMDRHXS,8138541007027,Kramer,Kramer Kramer Made to Rock Hard Fullzip Hoodie (Black)
GA-KHDMDRHSM,8138541039795,Kramer,Kramer Kramer Made to Rock Hard Fullzip Hoodie (Black)
GA-KHDMDRHMD,8138541072563,Kramer,Kramer Kramer Made to Rock Hard Fullzip Hoodie (Black)
GA-KHDMDRHLG,8138541203635,Kramer,Kramer Kramer Made to Rock Hard Fullzip Hoodie (Black)
GA-KHDMDRHXL,8138540843187,Kramer,Kramer Kramer Made to Rock Hard Fullzip Hoodie (Black)
GA-KHDMDRH2X,8138541269171,Kramer,Kramer Kramer Made to Rock Hard Fullzip Hoodie (Black)
GA-KHDMDRH3X,8138541138099,Kramer,Kramer Kramer Made to Rock Hard Fullzip Hoodie (Black)
GA-KHDNEONXS,8138540417203,Kramer,Kramer Kramer Neon Pullover Hoodie (Black)
GA-KHDNEONSM,8138540548275,Kramer,Kramer Kramer Neon Pullover Hoodie (Black)
GA-KHDNEONMD,8138540613811,Kramer,Kramer Kramer Neon Pullover Hoodie (Black)
GA-KHDNEONLG,8138540777651,Kramer,Kramer Kramer Neon Pullover Hoodie (Black)
GA-KHDNEONXL,8138540482739,Kramer,Kramer Kramer Neon Pullover Hoodie (Black)
GA-KHDNEON2X,8138540810419,Kramer,Kramer Kramer Neon Pullover Hoodie (Black)
GA-KHDNEON3X,8138540712115,Kramer,Kramer Kramer Neon Pullover Hoodie (Black)
GA-KNTBXS,8138536353971,Kramer,Kramer Kramer Neon Tee (Black)
GA-KNTBSM,8138538483891,Kramer,Kramer Kramer Neon Tee (Black)
GA-KNTBMD,8138538614963,Kramer,Kramer Kramer Neon Tee (Black)
GA-KNTBLG,8138538680499,Kramer,Kramer Kramer Neon Tee (Black)
GA-KNTBXL,8138538549427,Kramer,Kramer Kramer Neon Tee (Black)
GA-KNTB2X,8138538746035,Kramer,Kramer Kramer Neon Tee (Black)
GA-KNTB3X,8138538713267,Kramer,Kramer Kramer Neon Tee (Black)
GA-KMRHXS,8138538811571,Kramer,Kramer Kramer Made to Rock Hard Tee (Black)
GA-KMRHSM,8138538877107,Kramer,Kramer Kramer Made to Rock Hard Tee (Black)
GA-KMRHMD,8138539008179,Kramer,Kramer Kramer Made to Rock Hard Tee (Black)
GA-KMRHLG,8138538909875,Kramer,Kramer Kramer Made to Rock Hard Tee (Black)
GA-KMRHXL,8138538778803,Kramer,Kramer Kramer Made to Rock Hard Tee (Black)
GA-KMRH2X,8138539106483,Kramer,Kramer Kramer Made to Rock Hard Tee (Black)
GA-KMRH3X,8138539040947,Kramer,Kramer Kramer Made to Rock Hard Tee (Black)
GA-KTSBKXS,8138535731379,Kramer,Kramer Kramer Tiger Stripe Tee (Black Heather)
GA-KTSBKSM,8138535764147,Kramer,Kramer Kramer Tiger Stripe Tee (Black Heather)
GA-KTSBKMD,8138535829683,Kramer,Kramer Kramer Tiger Stripe Tee (Black Heather)
GA-KTSBKLG,8138535862451,Kramer,Kramer Kramer Tiger Stripe Tee (Black Heather)
GA-KTSBKXL,8138535796915,Kramer,Kramer Kramer Tiger Stripe Tee (Black Heather)
GA-KTSBK2X,8138535895219,Kramer,Kramer Kramer Tiger Stripe Tee (Black Heather)
GA-KTSBK3X,8138535993523,Kramer,Kramer Kramer Tiger Stripe Tee (Black Heather)
GA-KTSGXS,8138535174323,Kramer,Kramer Kramer Tiger Stripe Tee (Green)
GA-KTSGSM,8138535338163,Kramer,Kramer Kramer Tiger Stripe Tee (Green)
GA-KTSGMD,8138535436467,Kramer,Kramer Kramer Tiger Stripe Tee (Green)
GA-KTSGLG,8138535534771,Kramer,Kramer Kramer Tiger Stripe Tee (Green)
GA-KTSGXL,8138535207091,Kramer,Kramer Kramer Tiger Stripe Tee (Green)
GA-KTSG2X,8138535665843,Kramer,Kramer Kramer Tiger Stripe Tee (Green)
GA-KTSG3X,8138535600307,Kramer,Kramer Kramer Tiger Stripe Tee (Green)
GA-KTSWTXS,8138538221747,Kramer,Kramer Kramer Tiger Stripe Tee (White)
GA-KTSWTSM,8138538287283,Kramer,Kramer Kramer Tiger Stripe Tee (White)
GA-KTSWTMD,8138538385587,Kramer,Kramer Kramer Tiger Stripe Tee (White)
GA-KTSWTLG,8138534813875,Kramer,Kramer Kramer Tiger Stripe Tee (White)
GA-KTSWTXL,8138538320051,Kramer,Kramer Kramer Tiger Stripe Tee (White)
GA-KTSWT2X,8138535043251,Kramer,Kramer Kramer Tiger Stripe Tee (White)
GA-KTSWT3X,8138534944947,Kramer,Kramer Kramer Tiger Stripe Tee (White)
GA-KCCTXS,8138542088371,Kramer,Kramer Kramer Checkered Flag Cutoff Tee (Blue)
GA-KCCTSM,8138542383283,Kramer,Kramer Kramer Checkered Flag Cutoff Tee (Blue)
GA-KCCTMD,8138542284979,Kramer,Kramer Kramer Checkered Flag Cutoff Tee (Blue)
GA-KCCTLG,8138542448819,Kramer,Kramer Kramer Checkered Flag Cutoff Tee (Blue)
GA-KCCTXL,8138542186675,Kramer,Kramer Kramer Checkered Flag Cutoff Tee (Blue)
GA-KCCT2X,8138541170867,Kramer,Kramer Kramer Checkered Flag Cutoff Tee (Blue)
GA-KCCT3X,8138541105331,Kramer,Kramer Kramer Checkered Flag Cutoff Tee (Blue)
GA-KFTHT,8138542022835,Kramer,Kramer Kramer Foam Trucker
GA-KRTHT,8138536124595,Kramer,Kramer Kramer Rope Trucker
GA-KPTHT,8138536255667,Kramer,Kramer Kramer Patch Trucker
GA-KCHT,8138541924531,Kramer,Kramer Kramer Corduroy Hat
GA-KBBHT,8138541236403,Kramer,Kramer Kramer Baseball Hat
CABP-GRY,8138640818355,Maestro,"Maestro Maestro Instrument Patch Cables, 2-Pack"
GA-MTHT,8138538254515,Maestro,Maestro Maestro Trucker Hat
GA-LED2-INTL,8167252983987,Gibson,Gibson Gibson Custom LED Sign
GA-LED1-INTL,8138534420659,Gibson,Gibson Gibson Logo LED Sign
GA-TEE-MAEST-BLK-SM,8138528096435,Maestro,Maestro Maestro Trumpets Tee (Black)
GA-TEE-MAEST-BLK-MD,8138528358579,Maestro,Maestro Maestro Trumpets Tee (Black)
GA-TEE-MAEST-BLK-LG,8138528489651,Maestro,Maestro Maestro Trumpets Tee (Black)
GA-TEE-MAEST-BLK-XL,8138528260275,Maestro,Maestro Maestro Trumpets Tee (Black)
GA-TEE-MAEST-BLK-2X,8138528719027,Maestro,Maestro Maestro Trumpets Tee (Black)
GA-TEE-MAEST-BLK-3X,8138528620723,Maestro,Maestro Maestro Trumpets Tee (Black)
GA-TEE-MAEST-TL-SM,8138526228659,Maestro,Maestro Maestro Trumpets Tee
GA-TEE-MAEST-TL-MD,8138526130355,Maestro,Maestro Maestro Trumpets Tee
GA-TEE-MAEST-TL-LG,8138526556339,Maestro,Maestro Maestro Trumpets Tee
GA-TEE-MAEST-TL-XL,8138526032051,Maestro,Maestro Maestro Trumpets Tee
GA-TEE-MAEST-TL-2X,8138526752947,Maestro,Maestro Maestro Trumpets Tee
GA-TEE-MAEST-TL-3X,8138526359731,Maestro,Maestro Maestro Trumpets Tee
GA-TEE-QFI-BLK-SM,8167241285811,Gibson,Gibson Quality Fretted Instruments Tee (Vintage Black)
GA-TEE-QFI-BLK-MD,8167241154739,Gibson,Gibson Quality Fretted Instruments Tee (Vintage Black)
GA-TEE-QFI-BLK-LG,8167241121971,Gibson,Gibson Quality Fretted Instruments Tee (Vintage Black)
GA-TEE-QFI-BLK-XL,8167241220275,Gibson,Gibson Quality Fretted Instruments Tee (Vintage Black)
GA-TEE-QFI-BLK-2X,8167240958131,Gibson,Gibson Quality Fretted Instruments Tee (Vintage Black)
GA-TEE-QFI-BLK-3X,8167241056435,Gibson,Gibson Quality Fretted Instruments Tee (Vintage Black)
GA-TEE-STRG-BLK-SM,8167240827059,Gibson,Gibson Original Tone Tee (Black)
GA-TEE-STRG-BLK-MD,8167240761523,Gibson,Gibson Original Tone Tee (Black)
GA-TEE-STRG-BLK-LG,8167240695987,Gibson,Gibson Original Tone Tee (Black)
GA-TEE-STRG-BLK-XL,8167240859827,Gibson,Gibson Original Tone Tee (Black)
GA-TEE-STRG-BLK-2X,8167240564915,Gibson,Gibson Original Tone Tee (Black)
GA-TEE-STRG-BLK-3X,8167240630451,Gibson,Gibson Original Tone Tee (Black)
GA-TEEWM-USA-WHT-SM,8138524360883,Gibson,Gibson Gibson USA Women's Tee
GA-TEEWM-USA-WHT-MD,8138524426419,Gibson,Gibson Gibson USA Women's Tee
GA-TEEWM-USA-WHT-LG,8138524491955,Gibson,Gibson Gibson USA Women's Tee
GA-TEEWM-USA-WHT-XL,8138524164275,Gibson,Gibson Gibson USA Women's Tee
GA-TEEWM-USA-WHT-2X,8138524623027,Gibson,Gibson Gibson USA Women's Tee
GA-TEEWM-USA-WHT-3X,8138524557491,Gibson,Gibson Gibson USA Women's Tee
KA-TEE-CDME-PNK-SM,8138553458867,Kramer,Kramer Classic Designs Modern Edge Tee
KA-TEE-CDME-PNK-MD,8138553393331,Kramer,Kramer Classic Designs Modern Edge Tee
KA-TEE-CDME-PNK-LG,8138553327795,Kramer,Kramer Classic Designs Modern Edge Tee
KA-TEE-CDME-PNK-XL,8138553524403,Kramer,Kramer Classic Designs Modern Edge Tee
KA-TEE-CDME-PNK-2X,8138553163955,Kramer,Kramer Classic Designs Modern Edge Tee
KA-TEE-CDME-PNK-3X,8138553229491,Kramer,Kramer Classic Designs Modern Edge Tee
GA-HOOD-CAMO-SM,8138592125107,Gibson,Gibson Camo Pullover
GA-HOOD-CAMO-MD,8138592288947,Gibson,Gibson Camo Pullover
GA-HOOD-CAMO-LG,8138592452787,Gibson,Gibson Camo Pullover
GA-HOOD-CAMO-XL,8138591994035,Gibson,Gibson Camo Pullover
GA-HOOD-CAMO-2X,8138592583859,Gibson,Gibson Camo Pullover
GA-HOOD-CAMO-3X,8138592387251,Gibson,Gibson Camo Pullover
GA-SLHT,8167253967027,Gibson,Gibson Slash 'Skully' Trucker Hat
EIES335JJSVWNH3,8138619977907,Epiphone,Epiphone Jim James ES-335
ASPRCASE-335,8138647175347,Gibson,"Gibson Deluxe Protector Case, ES-335"
ASPRCASE-DN,8138653958323,Gibson,"Gibson Deluxe Protector Case, Dreadnought"
ASPRCASE-J185,8138653696179,Gibson,"Gibson Deluxe Protector Case, J-185"
ASPRCASE-339,8138647011507,Gibson,"Gibson Deluxe Protector Case, ES-339"
ASPRCASE-EXP,8138654023859,Gibson,"Gibson Deluxe Protector Case, Explorer"
ASPRCASE-FB,8138653860019,Gibson,"Gibson Deluxe Protector Case, Firebird"
KA-TEE-LPRD-PUR-SM,8138554114227,Kramer,Kramer Kramer Leopard Tee
KA-TEE-LPRD-PUR-MD,8138554015923,Kramer,Kramer Kramer Leopard Tee
KA-TEE-LPRD-PUR-LG,8138553950387,Kramer,Kramer Kramer Leopard Tee
KA-TEE-LPRD-PUR-XL,8138554212531,Kramer,Kramer Kramer Leopard Tee
KA-TEE-LPRD-PUR-2X,8138554048691,Kramer,Kramer Kramer Leopard Tee
KA-TEE-LPRD-PUR-3X,8138554146995,Kramer,Kramer Kramer Leopard Tee
PUCBDB2,8167242498227,Gibson,"Gibson Custombucker (Double Black, 2-Conductor, Unpotted, Alnico 3, 8K)"
PUCBZB2,8167247642803,Gibson,"Gibson Custombucker (Double Black, 2-Conductor, Unpotted, Alnico 3, 8K)"
PUCBDBNC2,8167242334387,Gibson,"Gibson Custombucker (Double Black, 2-Conductor, Unpotted, Alnico 3, 8K)"
PUCBDBGC2,8167247413427,Gibson,"Gibson Custombucker (Double Black, 2-Conductor, Unpotted, Alnico 3, 8K)"
PUCBZB2,8167247642803,Gibson,"Gibson Custombucker (Zebra, 2-Conductor, Unpotted, Alnico 3, 8K)"
PUCBDB2,8167242498227,Gibson,"Gibson Custombucker (Zebra, 2-Conductor, Unpotted, Alnico 3, 8K)"
PUCBDBNC2,8167242334387,Gibson,"Gibson Custombucker (Zebra, 2-Conductor, Unpotted, Alnico 3, 8K)"
PUCBDBGC2,8167247413427,Gibson,"Gibson Custombucker (Zebra, 2-Conductor, Unpotted, Alnico 3, 8K)"
PUCBDBNC2,8167242334387,Gibson,"Gibson Custombucker (Double Black, True Historic Nickel Cover, 2-Conductor, Unpotted, Alnico 3, 8K)"
PUCBDBGC2,8167247413427,Gibson,"Gibson Custombucker (Double Black, True Historic Nickel Cover, 2-Conductor, Unpotted, Alnico 3, 8K)"
PUCBDB2,8167242498227,Gibson,"Gibson Custombucker (Double Black, True Historic Nickel Cover, 2-Conductor, Unpotted, Alnico 3, 8K)"
PUCBZB2,8167247642803,Gibson,"Gibson Custombucker (Double Black, True Historic Nickel Cover, 2-Conductor, Unpotted, Alnico 3, 8K)"
PUCBDBGC2,8167247413427,Gibson,"Gibson Custombucker (Double Black, True Historic Gold Cover, 2-Conductor, Unpotted, Alnico 3, 8K)"
PUCBDBNC2,8167242334387,Gibson,"Gibson Custombucker (Double Black, True Historic Gold Cover, 2-Conductor, Unpotted, Alnico 3, 8K)"
PUCBZB2,8167247642803,Gibson,"Gibson Custombucker (Double Black, True Historic Gold Cover, 2-Conductor, Unpotted, Alnico 3, 8K)"
PUCBDB2,8167242498227,Gibson,"Gibson Custombucker (Double Black, True Historic Gold Cover, 2-Conductor, Unpotted, Alnico 3, 8K)"
PUCBDBNC2-SET,8167247577267,Gibson,"Gibson Custombucker (Matched Set, Double Black, True Historic Nickel Covers, 2-Conductor, Unpotted, Alnico 3, 8K)"
PUCBDBGC2-SET,8167247511731,Gibson,"Gibson Custombucker (Matched Set, Double Black, True Historic Nickel Covers, 2-Conductor, Unpotted, Alnico 3, 8K)"
PUCBDBGC2-SET,8167247511731,Gibson,"Gibson Custombucker (Matched Set, Double Black, True Historic Gold Covers, 2-Conductor, Unpotted, Alnico 3, 8K)"
PUCBDBNC2-SET,8167247577267,Gibson,"Gibson Custombucker (Matched Set, Double Black, True Historic Gold Covers, 2-Conductor, Unpotted, Alnico 3, 8K)"
PU90DEBC2,8167247151283,Gibson,"Gibson P-90 Dogear (Black Cover, 2-Conductor, Potted, Alnico 5, 8K)"
PU90SBBC2,8167247282355,Gibson,"Gibson P-90 Dogear (Black Cover, 2-Conductor, Potted, Alnico 5, 8K)"
PU90SBCC2,8167247347891,Gibson,"Gibson P-90 Dogear (Black Cover, 2-Conductor, Potted, Alnico 5, 8K)"
PU90SBBC2,8167247282355,Gibson,"Gibson P-90 Soapbar (Black Cover, 2-Conductor, Potted, Alnico 5, 8K)"
PU90DEBC2,8167247151283,Gibson,"Gibson P-90 Soapbar (Black Cover, 2-Conductor, Potted, Alnico 5, 8K)"
PU90SBCC2,8167247347891,Gibson,"Gibson P-90 Soapbar (Black Cover, 2-Conductor, Potted, Alnico 5, 8K)"
PU90SBCC2,8167247347891,Gibson,"Gibson P-90 Soapbar (Cream Cover, 2-Conductor, Potted, Alnico 5, 8K)"
PU90SBBC2,8167247282355,Gibson,"Gibson P-90 Soapbar (Cream Cover, 2-Conductor, Potted, Alnico 5, 8K)"
PU90DEBC2,8167247151283,Gibson,"Gibson P-90 Soapbar (Cream Cover, 2-Conductor, Potted, Alnico 5, 8K)"
PU57DB2,8167247085747,Gibson,"Gibson '57 Classic (Double Black, 2-Conductor, Potted, Alnico 2, 8K)"
PU57ZB2,8167246987443,Gibson,"Gibson '57 Classic (Double Black, 2-Conductor, Potted, Alnico 2, 8K)"
PU57DBNC2,8167246889139,Gibson,"Gibson '57 Classic (Double Black, 2-Conductor, Potted, Alnico 2, 8K)"
PU57DBGC2,8167246790835,Gibson,"Gibson '57 Classic (Double Black, 2-Conductor, Potted, Alnico 2, 8K)"
PU57ZB2,8167246987443,Gibson,"Gibson '57 Classic (Zebra, 2-Conductor, Potted, Alnico 2, 8K)"
PU57DB2,8167247085747,Gibson,"Gibson '57 Classic (Zebra, 2-Conductor, Potted, Alnico 2, 8K)"
PU57DBNC2,8167246889139,Gibson,"Gibson '57 Classic (Zebra, 2-Conductor, Potted, Alnico 2, 8K)"
PU57DBGC2,8167246790835,Gibson,"Gibson '57 Classic (Zebra, 2-Conductor, Potted, Alnico 2, 8K)"
PU57DBNC2,8167246889139,Gibson,"Gibson '57 Classic (Double Black, Nickel Cover, 2-Conductor, Potted, Alnico 2, 8K)"
PU57DBGC2,8167246790835,Gibson,"Gibson '57 Classic (Double Black, Nickel Cover, 2-Conductor, Potted, Alnico 2, 8K)"
PU57DB2,8167247085747,Gibson,"Gibson '57 Classic (Double Black, Nickel Cover, 2-Conductor, Potted, Alnico 2, 8K)"
PU57ZB2,8167246987443,Gibson,"Gibson '57 Classic (Double Black, Nickel Cover, 2-Conductor, Potted, Alnico 2, 8K)"
PU57DBGC2,8167246790835,Gibson,"Gibson '57 Classic (Double Black, Gold Cover, 2-Conductor, Potted, Alnico 2, 8K)"
PU57DBNC2,8167246889139,Gibson,"Gibson '57 Classic (Double Black, Gold Cover, 2-Conductor, Potted, Alnico 2, 8K)"
PU57DB2,8167247085747,Gibson,"Gibson '57 Classic (Double Black, Gold Cover, 2-Conductor, Potted, Alnico 2, 8K)"
PU57ZB2,8167246987443,Gibson,"Gibson '57 Classic (Double Black, Gold Cover, 2-Conductor, Potted, Alnico 2, 8K)"
PU57DBNC4,8167246594227,Gibson,"Gibson '57 Classic (Double Black, Nickel Cover, 4-Conductor, Potted, Alnico 2, 8K)"
PU57+DB2,8167246692531,Gibson,"Gibson '57 Classic Plus (Double Black, 2-Conductor, Potted, Alnico 2, 9K)"
PU57+ZB2,8167246495923,Gibson,"Gibson '57 Classic Plus (Double Black, 2-Conductor, Potted, Alnico 2, 9K)"
PU57+DBNC2,8167246299315,Gibson,"Gibson '57 Classic Plus (Double Black, 2-Conductor, Potted, Alnico 2, 9K)"
PU57+DBGC2,8167244136627,Gibson,"Gibson '57 Classic Plus (Double Black, 2-Conductor, Potted, Alnico 2, 9K)"
PU57+ZB2,8167246495923,Gibson,"Gibson '57 Classic Plus (Zebra, 2-Conductor, Potted, Alnico 2, 9K)"
PU57+DB2,8167246692531,Gibson,"Gibson '57 Classic Plus (Zebra, 2-Conductor, Potted, Alnico 2, 9K)"
PU57+DBNC2,8167246299315,Gibson,"Gibson '57 Classic Plus (Zebra, 2-Conductor, Potted, Alnico 2, 9K)"
PU57+DBGC2,8167244136627,Gibson,"Gibson '57 Classic Plus (Zebra, 2-Conductor, Potted, Alnico 2, 9K)"
PU57+DBNC2,8167246299315,Gibson,"Gibson '57 Classic Plus (Double Black, Nickel Cover, 2-Conductor, Potted, Alnico 2, 9K)"
PU57+DBGC2,8167244136627,Gibson,"Gibson '57 Classic Plus (Double Black, Nickel Cover, 2-Conductor, Potted, Alnico 2, 9K)"
PU57+DB2,8167246692531,Gibson,"Gibson '57 Classic Plus (Double Black, Nickel Cover, 2-Conductor, Potted, Alnico 2, 9K)"
PU57+ZB2,8167246495923,Gibson,"Gibson '57 Classic Plus (Double Black, Nickel Cover, 2-Conductor, Potted, Alnico 2, 9K)"
PU57+DBGC2,8167244136627,Gibson,"Gibson '57 Classic Plus (Double Black, Gold Cover, 2-Conductor, Potted, Alnico 2, 9K)"
PU57+DBNC2,8167246299315,Gibson,"Gibson '57 Classic Plus (Double Black, Gold Cover, 2-Conductor, Potted, Alnico 2, 9K)"
PU57+ZB2,8167246495923,Gibson,"Gibson '57 Classic Plus (Double Black, Gold Cover, 2-Conductor, Potted, Alnico 2, 9K)"
PU57+DB2,8167246692531,Gibson,"Gibson '57 Classic Plus (Double Black, Gold Cover, 2-Conductor, Potted, Alnico 2, 9K)"
PUBB1DBNC2,8167244038323,Gibson,"Gibson Burstbucker Type 1 (Double Black, Nickel Cover, 2-Conductor, Unpotted, Alnico 2, 7.8K)"
PUBB2DBNC2,8167244398771,Gibson,"Gibson Burstbucker Type 2 (Double Black, Nickel Cover, 2-Conductor, Unpotted, Alnico 2, 8.4K)"
PUBB3DBNC2,8167243841715,Gibson,"Gibson Burstbucker Type 3 (Double Black, Nickel Cover, 2-Conductor, Unpotted, Alnico 2, 8.7K)"
PUBBPRDBNC2,8167243940019,Gibson,"Gibson Burstbucker Pro (Rhythm, Double Black, Nickel Cover, 2-Conductor, Potted, Alnico 5, 7.8K) "
PUBBPTDBNC2,8167244071091,Gibson,"Gibson Burstbucker Pro (Rhythm, Double Black, Nickel Cover, 2-Conductor, Potted, Alnico 5, 7.8K) "
PU60BBDBNC2,8167244333235,Gibson,"Gibson 60s Burstbucker (Double Black, Nickel Cover, 2-Conductor, Unpotted, Alnico 5, 8K)"
PUTTRDBNC2,8167244169395,Gibson,"Gibson T-Type (Rhythm, Double Black, Nickel Cover, 2-Conductor, Unpotted, Alnico 5, 7.3K)"
PUTTTDBNC2,8167244267699,Gibson,"Gibson T-Type (Rhythm, Double Black, Nickel Cover, 2-Conductor, Unpotted, Alnico 5, 7.3K)"
PUTTTDBNC2,8167244267699,Gibson,"Gibson T-Type (Treble, Double Black, Nickel Cover, 2-Conductor, Unpotted, Alnico 5, 7.6K)"
PUTTRDBNC2,8167244169395,Gibson,"Gibson T-Type (Treble, Double Black, Nickel Cover, 2-Conductor, Unpotted, Alnico 5, 7.6K)"
PUMHRCC2,8167243874483,Gibson,"Gibson Original Mini-Humbucker (Rhythm, Chrome Cover, 2-Conductor, Potted, Alnico 2, 6.2K)"
PUMHTCC2,8167243972787,Gibson,"Gibson Original Mini-Humbucker (Rhythm, Chrome Cover, 2-Conductor, Potted, Alnico 2, 6.2K)"
PUMHTCC2,8167243972787,Gibson,"Gibson Original Mini-Humbucker (Treble, Chrome Cover, 2-Conductor, Potted, Alnico 2, 6.2K)"
PUMHRCC2,8167243874483,Gibson,"Gibson Original Mini-Humbucker (Treble, Chrome Cover, 2-Conductor, Potted, Alnico 2, 6.2K)"
PU70EVHRDB2,8167243743411,Gibson,"Gibson 70s Tribute (Rhythm, Double Black, 2-Conductor, Potted, Alnico 5, 16.2K)"
PU70EVHTDB2,8167243645107,Gibson,"Gibson 70s Tribute (Rhythm, Double Black, 2-Conductor, Potted, Alnico 5, 16.2K)"
PU70EVHTDB2,8167243645107,Gibson,"Gibson 70s Tribute (Treble, Double Black, 2-Conductor, Potted, Alnico 5, 15K)"
PU70EVHRDB2,8167243743411,Gibson,"Gibson 70s Tribute (Treble, Double Black, 2-Conductor, Potted, Alnico 5, 15K)"
PUDFDB4,8167240237235,Gibson,"Gibson Dirty Fingers (Double Black, 4-Conductor, Potted, Ceramic, 15K)"
PU490RDB4,8167243546803,Gibson,"Gibson 490R - Modern Classic"" (Rhythm"
PU490RDBCC4,8167243350195,Gibson,"Gibson 490R - Modern Classic"" (Rhythm"
PU490RDBGC4,8167243448499,Gibson,"Gibson 490R - Modern Classic"" (Rhythm"
PU490RDBCC4,8167243350195,Gibson,"Gibson 490R - Modern Classic"" (Rhythm"
PU490RDBGC4,8167243448499,Gibson,"Gibson 490R - Modern Classic"" (Rhythm"
PU490RDB4,8167243546803,Gibson,"Gibson 490R - Modern Classic"" (Rhythm"
PU490RDBGC4,8167243448499,Gibson,"Gibson 490R - Modern Classic"" (Rhythm"
PU490RDB4,8167243546803,Gibson,"Gibson 490R - Modern Classic"" (Rhythm"
PU490RDBCC4,8167243350195,Gibson,"Gibson 490R - Modern Classic"" (Rhythm"
PU490TDBCC4,8167243251891,Gibson,"Gibson 490T - Modern Classic"" (Treble"
PU498TDB4,8167242891443,Gibson,"Gibson 498T - Hot Alnico"" (Treble"
PU498TDBCC4,8167242989747,Gibson,"Gibson 498T - Hot Alnico"" (Treble"
PU498TDBGC4,8167243153587,Gibson,"Gibson 498T - Hot Alnico"" (Treble"
PU498TDBCC4,8167242989747,Gibson,"Gibson 498T - Hot Alnico"" (Treble"
PU498TDBGC4,8167243153587,Gibson,"Gibson 498T - Hot Alnico"" (Treble"
PU498TDB4,8167242891443,Gibson,"Gibson 498T - Hot Alnico"" (Treble"
PU496RDB4,8167242793139,Gibson,"Gibson 496R - Hot Ceramic"" (Rhythm"
PU500TDB4,8167242694835,Gibson,"Gibson 500T - Super Ceramic"" (Treble"
PU490498DBCC2-SET,8167258226867,Gibson,"Gibson 490R / 498T Set (Double Black, Chrome Covers, 4-Conductor, Potted, T: 14.2K and Alnico 5, R: 8K and Alnico 2)"
PU5757+DBNC2-SET,8167258390707,Gibson,"Gibson '57 Classic / '57 Classic Plus Set (Double Black, Nickel Covers, 2-conductor, Potted, Alnico 2)"
PU57DCW2,8167234568371,Gibson,"Gibson '57 Classic (Double Classic White, 2-Conductor, Potted, Alnico 2, 8K)"
GA-USATRHT,8138523902131,Gibson,Gibson Gibson USA Trucker
GA-TBIRDWHT,8138528555187,Gibson,Gibson Thunderbird Wool Snapback
GA-FBPTRHT,8138599202995,Gibson,Gibson Firebird Patch Trucker
GA-BLKTRHT,8138603856051,Gibson,Gibson Classic Trucker
GA-GBSNBBHT,8138548871347,Gibson,"Gibson The Gibson"" Baseball Hat"""
GA-USAFMTRHT,8138524033203,Gibson,Gibson Gibson USA Foam Trucker
GA-SDWVFMTRHT,8138532880563,Gibson,Gibson Soundwave Foam Trucker
GA-1894BEANIE,8138623058099,Gibson,"Gibson Since 1894"" Cuffed Beanie"""
GA-LPBEANIE,8138534191283,Gibson,Gibson Les Paul Cuffed Beanie
GA-USABEANIE,8138524098739,Gibson,Gibson Gibson USA Cuffed Beanie
GG-NASCAR23,8100451549363,AXE HEAVEN,AXE HEAVEN ALLY 400 NASCAR Trophy Mini Guitar
KA-TEE-FM-BLK-SM,8138553884851,Kramer,Kramer Kramer FM Tee
KA-TEE-FM-BLK-MD,8138553819315,Kramer,Kramer Kramer FM Tee
KA-TEE-FM-BLK-LG,8138553753779,Kramer,Kramer Kramer FM Tee
KA-TEE-FM-BLK-XL,8138553917619,Kramer,Kramer Kramer FM Tee
KA-TEE-FM-BLK-2X,8138553589939,Kramer,Kramer Kramer FM Tee
KA-TEE-FM-BLK-3X,8138553655475,Kramer,Kramer Kramer FM Tee
AEST-BRN,8138650779827,Epiphone,Epiphone Epiphone Premium Leather Guitar Strap (Brown)
AEST-CTRD,8138650943667,Epiphone,Epiphone Epiphone Cotton Guitar Strap (Red)
GA-STOOL2,8138529898675,Gibson,"Gibson Premium Playing Stool, Standard Logo, Short (24)"""
GA-STOOL3,8138529734835,Gibson,"Gibson Premium Playing Stool, Star Logo, Tall (30)"""
GA-STOOL4,8138529636531,Gibson,"Gibson Premium Playing Stool, Star Logo, Short (24)"""
GA-STOOL5,8138529538227,Gibson,"Gibson Premium Playing Stool, Standard Logo, Tall (30)"""
GE-30STOOL,8138514956467,Epiphone,"Epiphone Epiphone Playing Stool, Tall (30)"""
GG-120AH,8100452171955,AXE HEAVEN,AXE HEAVEN® Les Paul Standard Cherry Sunburst 1:4 Scale Mini Guitar Model
GG-121AH,8100452106419,AXE HEAVEN,AXE HEAVEN® Les Paul Goldtop 1:4 Scale Mini Guitar Model
GG-123AH,8100451877043,AXE HEAVEN,AXE HEAVEN® Les Paul Custom Ebony 1:4 Scale Mini Guitar Model
GG-124AH,8100451778739,AXE HEAVEN,AXE HEAVEN® Les Paul Standard Slash Anaconda Burst 1:4 Scale Mini Guitar Model
GG-125AH,8100451713203,AXE HEAVEN,AXE HEAVEN® Les Paul Standard Slash Vermillion Burst 1:4 Scale Mini Guitar Model
GG-126AH,8100451647667,AXE HEAVEN,AXE HEAVEN® Les Paul Standard Slash Appetite Burst 1:4 Scale Mini Guitar Model
GG-127AH,8100444471475,AXE HEAVEN,AXE HEAVEN® Les Paul Standard Slash November Burst 1:4 Scale Mini Guitar Model
GG-129,8100443619507,AXE HEAVEN,AXE HEAVEN® Adam Jones Silverburst Les Paul 1:4 Scale Mini Guitar Model
GG-220AH,8100443783347,AXE HEAVEN,AXE HEAVEN® '64 SG Standard Cherry 1:4 Scale Mini Guitar Model
GG-223AH,8100445683891,AXE HEAVEN,AXE HEAVEN® SG EDS-1275 Doubleneck Cherry 1:4 Scale Mini Guitar Model
GG-320AH,8100445290675,AXE HEAVEN,AXE HEAVEN® ES-335 Faded Cherry 1:4 Scale Mini Guitar Model
GG-425AH,8100445126835,AXE HEAVEN,AXE HEAVEN® Firebird V Vintage Sunburst 1:4 Scale Mini Guitar Model
GG-520AH,8100444897459,AXE HEAVEN,AXE HEAVEN® '58 Korina Flying V 1:4 Scale Mini Guitar Model
GG-632AH,8100444274867,AXE HEAVEN,AXE HEAVEN® J-45 Slash November Burst 1:4 Scale Mini Guitar Model
GG-633AH,8100444012723,AXE HEAVEN,AXE HEAVEN® J-45 Slash Vermillion Burst 1.4 Scale Mini Guitar Model
GG-720AH,8138518757555,AXE HEAVEN,AXE HEAVEN® '58 Korina Explorer Natural Finish 1:4 Scale Mini Guitar Model
AIGG-925,8138649764019,Gibson,Gibson Cotton Polish Cloth
AIGG-PPC,8138649600179,Gibson,Gibson Premium Microfiber Polish Cloth
ASPIN-HMB,8138647666867,Gibson,Gibson Hummingbird Lapel Pin
ASPIN-HS,8138647273651,Gibson,Gibson Headstock Lapel Pin
ASPIN-LPC,8138647371955,Gibson,Gibson Les Paul Custom Lapel Pin
GP-GLD,8167254032563,Gibson,Gibson Gibson Logo Iron-On Patch
GP-ORG,8167253737651,Gibson,Gibson Gibson Logo Iron-On Patch
GP-RWB,8167253901491,Gibson,Gibson Gibson USA Iron-On Patch
PUGBDBNC2-SET,8167258325171,Gibson,"Gibson Greenybucker Set (Double black, Nickel cover, Unpotted, Rhythm pickup reverse polarity, T: 8.7k, R: 8.3k, Alnico 2)"
PUCBUDB2,8167238238387,Gibson Custom,"Gibson Custom Custombucker Underwound (Double black, 2-conductor, Unpotted, 7.2k, Alnico 3)"
PUCBUDBGC2,8167258489011,Gibson Custom,"Gibson Custom Custombucker Underwound (Double black, Gold Cover, 2-conductor, Unpotted, 7.2k, Alnico 3)"
PU90USBBC2,8167239581875,Gibson,"Gibson P-90 Soapbar Underwound (Black cover, 2-conductor, Potted, 7.2k, Alnico 3)"
PU90UDEBC2,8167239516339,Gibson,"Gibson P-90 Dogear Underwound (Black cover, 2-conductor, Potted, 7.2k, Alnico 3)"
PU90USBCC2,8167239680179,Gibson,"Gibson P-90 Soapbar Underwound (Cream cover, 2-conductor, Potted, 7.2k, Alnico 3)"
PU57UDB2,8167239188659,Gibson,"Gibson '57 Classic Underwound (Double black, Underwound, 2-conductor, Potted, 7.2k, Alnico 2)"
PU57UDBGC2,8167239286963,Gibson,"Gibson ’57 Classic Underwound (Double black, Gold cover, Underwound, 2-conductor, Potted, 7.2k, Alnico 2)"
PU57UDBNC2,8167239385267,Gibson,"Gibson ’57 Classic Underwound (Double black, Nickel cover, Underwound, 2-conductor, Potted, 7.2k, Alnico 2)"
PU57UZB2,8167239057587,Gibson,"Gibson ’57 Classic Underwound (Zebra, Underwound, 2-conductor, Potted, 7.2k, Alnico 2)"
PUTBRCC2,8167238926515,Gibson,"Gibson Thunderbird Reissue (Chrome cover, 2-conductor, Potted, 8.2k, Alnico 5)"
PU90DCDEBC2,8167238467763,Gibson,"Gibson P-90 DC (Black Dogear, 2-conductor, Potted, 17.4k, Neo)"
PU90DCSBBC2,8167238566067,Gibson,"Gibson P-90 DC (Black Soapbar, 2-conductor, Potted, 17.4k, Neo)"
PU90DCSBCC2,8167238697139,Gibson,"Gibson P-90 DC (Cream Soapbar, 2-conductor, Potted, 17.4k, Neo)"
PUDFSMDB4,8167238795443,Gibson,"Gibson Dirty Fingers SM (Double Black, 4-conductor, Potted, 15k, Ceramic 8)"
PUTBMBC2,8167238369459,Gibson,"Gibson Thunderbird Modern (Black cover, 2-conductor, 9.5k, Ceramic 8)"
PUCBUDBNC2,8167238074547,Gibson Custom,"Gibson Custom Custombucker Underwound (Double black, Nickel Cover, 2-conductor, Unpotted, 7.2k, Alnico 3)"
PUCBUZB2,8167238140083,Gibson Custom,"Gibson Custom Custombucker Underwound (Zebra, 2-conductor, Unpotted, 7.2k, Alnico 3)"
KPUERZB4,8138555687091,0,"0 Kramer Eruption"" (Zebra"
KPUETZB4,8138555752627,0,"0 Kramer Eruption"" (Zebra"
KPUERDB4,8138555228339,0,"0 Kramer Eruption"" (Double Black"
KPUETDB4,8138555719859,0,"0 Kramer Eruption"" (Double Black"
IEPB-GH,8167260422323,Epiphone,Epiphone ProBucker Pickup Set
IEPB-NH,8167260520627,Epiphone,Epiphone ProBucker Pickup Set
PEST-020,8167260160179,Epiphone,Epiphone Epiphone Toggle Switch
PEST-030,8167260291251,Epiphone,Epiphone Epiphone Toggle Switch
PEST-040,8167259340979,Epiphone,Epiphone Epiphone Toggle Switch
PETK-010,8167259865267,Epiphone,Epiphone Epiphone Toggle Switch Cap
PETK-020,8167259209907,Epiphone,Epiphone Epiphone Toggle Switch Cap
PETK-030,8167259275443,Epiphone,Epiphone Epiphone Toggle Switch Cap
PETK-040,8167259308211,Epiphone,Epiphone Epiphone Toggle Switch Cap
GA-AJ-WIT-SM,8138608869555,Gibson,Gibson Adam Jones 'The Witness' Tee (Black)
GA-AJ-WIT-MD,8138609000627,Gibson,Gibson Adam Jones 'The Witness' Tee (Black)
GA-AJ-WIT-LG,8138609197235,Gibson,Gibson Adam Jones 'The Witness' Tee (Black)
GA-AJ-WIT-XL,8138608935091,Gibson,Gibson Adam Jones 'The Witness' Tee (Black)
GA-AJ-WIT-2X,8138609295539,Gibson,Gibson Adam Jones 'The Witness' Tee (Black)
GA-AJ-WIT-3X,8138609098931,Gibson,Gibson Adam Jones 'The Witness' Tee (Black)
PUFBNC2,8167239090355,Gibson,"Gibson Firebird Reissue (Nickel Cover, 2-Conductor, Potted, 6.5k, Alnico 5)"
PUFB+NC2,8167238828211,Gibson,"Gibson Firebird Reissue Plus (Nickel Cover, 2-Conductor, Potted, 9k, Alnico 5)"
PUDFZB4,8167239155891,Gibson,"Gibson Dirty Fingers (Zebra, 4-Conductor, Potted, 15k, Ceramic 8)"
PUDFSMZB4,8167238992051,Gibson,"Gibson Dirty Fingers SM (Zebra, 4-Conductor, Potted, 15k, Ceramic 8) "
KPUNRDB4,8138555785395,0,"0 Kramer Neptune"" (Rhythm"
KPUNTDB4,8138555916467,0,"0 Kramer Neptune"" (Treble"
KPUNRZB4,8138555850931,0,"0 Kramer Neptune"" (Rhythm"
KPUNTZB4,8138555982003,0,"0 Kramer Neptune"" (Treble"
ASTD-MG2,8138642751667,Gibson,Gibson Handcrafted Wooden Stand
N/A,#VALUE!,Merc,Merc X Gibson ‘Riff’ T-shirt
N/A,#VALUE!,Merc,Merc x Gibson ‘Tone’ T-shirt
N/A,#VALUE!,Gibson,Gibson Gibson Garage Shop Tee
N/A,#VALUE!,Epiphone,"Epiphone Grabber, G-3 Bass Hard Case"
N/A,#VALUE!,Gibson,Gibson Gibson Garage Baseball Tee
N/A,#VALUE!,Gibson,"Gibson Custombucker Plus (Zebra, Unpotted, 2-Conductor, Alnico 3, 8.6K) "
N/A,#VALUE!,Gibson,"Gibson Custombucker Plus (Double Black, Unpotted, 2-Conductor, Alnico 3, 8.6K) "
N/A,#VALUE!,Gibson,"Gibson Custombucker Plus (Double Black, True Historic Gold Cover, Unpotted, 2-Conductor, Alnico 3, 8.6K) "
N/A,#VALUE!,Gibson,"Gibson Custombucker Plus (Double Black, True Historic Nickel Cover, Unpotted, 2-Conductor, Alnico 3, 8.6K) "
N/A,#VALUE!,Gibson,Gibson Rosewood Fretboard Keychain Gibson Garage London
N/A,#VALUE!,Gibson,"Gibson Tony Iommi Signature Humbucker​ (Chrome Cover, 4-Conductor, Potted, Ceramic and Alnico 2, 16K)"
N/A,#VALUE!,Gibson,Gibson Gibson Garage Nashville Enamel Pin
N/A,#VALUE!,Gibson,Gibson Mahogany Pick Tray Gibson Garage London
N/A,#VALUE!,Gibson,Gibson Sitka Spruce Soundhole Coaster Set Gibson Garage London
N/A,#VALUE!,Gibson,Gibson Handcrafted Wooden Stand
N/A,#VALUE!,Gibson,Gibson Handcrafted Doubleneck Wooden Guitar Stand
N/A,#VALUE!,Gibson,"Gibson Historic Reissue Strap Buttons With Screws, Aluminum"
N/A,#VALUE!,Gibson,"Gibson Historic Reissue Tuners, Nickel (Set of 6)"
N/A,#VALUE!,Gibson,Gibson Historic Reissue Bumblebee Capacitors (Set of 2)
N/A,#VALUE!,Gibson,"Gibson Historic Reissue Truss Rod Cover, Blank, With Screws"
N/A,#VALUE!,Gibson,"Gibson Historic Reissue Wraparound Tailpiece With Studs & Inserts, Nickel"
N/A,#VALUE!,Gibson,"Gibson Historic Reissue Stop Bar Tailpiece With Studs & Inserts, Nickel"
N/A,#VALUE!,Gibson,"Gibson Historic Reissue Thumbwheels & Posts for ABR-1 Bridge, Nickel"
N/A,#VALUE!,Gibson,"Gibson Historic Reissue ABR-1 Bridge, Nickel, No Wire, With Thumbwheels & Posts"
N/A,#VALUE!,Gibson,"Gibson Historic Reissue Murphy Lab Jack Plate With Screws, Cream"
N/A,#VALUE!,Gibson,"Gibson Historic Reissue Jack Plate With Screws, Cream"
N/A,#VALUE!,Gibson,"Gibson Historic Reissue Jack, Short Shaft"
N/A,#VALUE!,Gibson,"Gibson Historic Reissue Toggle Switch Cap, Amber"
N/A,#VALUE!,Gibson,"Gibson Historic Reissue Switch Washer, Cream"
N/A,#VALUE!,Gibson,"Gibson Historic Reissue Knurled Nut, Nickel"
N/A,#VALUE!,Gibson,"Gibson Historic Reissue Toggle Switch, Nickel"
N/A,#VALUE!,Gibson,Gibson Historic Reissue 500k Short Shaft Potentiometer
N/A,#VALUE!,Gibson,"Gibson Historic Reissue Dial Pointers, Nickel (Set of 4)"
N/A,#VALUE!,Gibson,"Gibson Historic Reissue Top Hat Knobs, Gold"
N/A,#VALUE!,Gibson,"Gibson Historic Reissue Les Paul Standard Pickguard, Cream (1954-1956 With Two P-90)"
N/A,#VALUE!,Gibson,"Gibson Historic Reissue Les Paul Standard Pickguard, Cream (1957-1960)"
N/A,#VALUE!,Gibson,"Gibson Historic Reissue Les Paul Switchplate With Screws, Black"
N/A,#VALUE!,Gibson,"Gibson Historic Reissue Les Paul Backplate With Screws, Black"
N/A,#VALUE!,Gibson,"Gibson Historic Reissue Pickup Pole Piece Screws, Nickel"
N/A,#VALUE!,Gibson,"Gibson Historic Reissue Humbucking Pickup Cover, Nickel"
N/A,#VALUE!,Gibson,"Gibson Historic Reissue Pickup Height Adjustment Screws, Slotted, Nickel"
N/A,#VALUE!,Gibson,"Gibson Historic Reissue Mounting Ring Screws, Nickel (Set of 4 Short & 4 Long)"
N/A,#VALUE!,Gibson,"Gibson Historic Reissue Pickup Mounting Rings, Cream"
N/A,#VALUE!,Gibson,"Gibson Dirty Fingers SM (Double Classic White, 4-conductor, Potted, Ceramic, 15k)"
N/A,#VALUE!,Gibson,"Gibson Dirty Fingers (Double Classic White, 4-conductor, Potted, Ceramic, 15k)"
N/A,#VALUE!,Gibson,"Gibson True Historic Dial Pointers (Four Pack, Nickel)"
N/A,#VALUE!,Gibson,"Gibson True Historic Toggle Switch Cap, Amber"
N/A,#VALUE!,Gibson,"Gibson True Historic Pickup Mounting Rings, Cream"
N/A,#VALUE!,Gibson,Gibson Gibson DES Trucker
N/A,#VALUE!,Gibson,"Gibson True Historic Reissue Tuners (Nickel, Set of 6)"
N/A,#VALUE!,Gibson,Gibson True Historic 500k Short Shaft Potentiometer
N/A,#VALUE!,Gibson,"Gibson True Historic Les Paul Pickguard, Cream (‘57, ’58, ’59, ’60)"
N/A,#VALUE!,Gibson,"Gibson True Historic Les Paul Pickguard, Cream (‘56 with 2 P-90)"
N/A,#VALUE!,AXE HEAVEN,"AXE HEAVEN® Adam Jones Silverburst Les Paul 1:4 Scale Mini Guitar Model, Signed"
N/A,#VALUE!,Gibson,Farewell Tour x Gibson Gold Logo Tee (White)
N/A,#VALUE!,Gibson,Farewell Tour x Gibson Clean Longsleeve Tee (White)
N/A,#VALUE!,Gibson,Farewell Tour x Gibson Crewneck (Carbon Grey)
N/A,#VALUE!,Gibson,Farewell Tour x Gibson Gold Logo Tee (Black)
N/A,#VALUE!,Gibson,Farewell Tour x Gibson Clean Longsleeve Tee (Black)
N/A,#VALUE!,Gibson,Farewell Tour x Gibson Crewneck (Black)
N/A,#VALUE!,Gibson,Gibson The Premium Saddle
N/A,#VALUE!,Gibson,"Gibson Adam Jones Les Paul Guitar Case, Silverburst"
N/A,#VALUE!,Gibson,Gibson Luthier's Choice Triple Pack
N/A,#VALUE!,Epiphone,Epiphone Epiphone Coronet (USA Collection)
N/A,#VALUE!,Gibson,Gibson The Sunflower
N/A,#VALUE!,Gibson,Gibson The Lightning Bolt Seatbelt (Red) 
N/A,#VALUE!,Gibson,Gibson The Bluegrass
N/A,#VALUE!,Gibson,Gibson The Seatbelt
N/A,#VALUE!,Gibson,Gibson The Lightning Bolt Seatbelt
N/A,#VALUE!,Gibson,Gibson Historic Output Jack Plate
N/A,#VALUE!,Kramer,"Kramer Kramer S-Style Hard Shell Case, Left-Handed"
N/A,#VALUE!,Gibson,Gibson Guitar Sticker Pack
N/A,#VALUE!,Gibson Mod™ Collection,Gibson Mod™ Collection Les Paul Standard 50s
